code,premium,year,num_years_in_sample,metarea,rank_balanced,rank_unbalanced
1000,-0.29266357421875,1940,8,"Birmingham, AL",40,62
1120,-0.598770141601563,1940,8,"Boston, MA",5,13
1160,-0.070556640625,1940,8,"Bridgeport, CT",56,87
1200,-0.649658203125,1940,7,"Brockton, MA",,11
1280,-0.319580078125,1940,8,"Buffalo, NY",35,55
1320,-0.465103149414063,1940,8,"Canton, OH",12,24
1360,-0.360450744628906,1940,6,"Cedar Rapids, IA",,44
1440,0.5189208984375,1940,8,"Charleston, SC",82,127
1480,0.600959777832031,1940,3,"Charleston, WV",,128
1520,0.822280883789063,1940,8,"Charlotte-Gaston-Rock Hill, NC/SC",87,135
1560,0.05328369140625,1940,7,"Chattanooga, TN/GA",,99
1600,-0.303878784179688,1940,8,"Chicago, IL",37,58
1640,-0.431289672851563,1940,8,"Cincinatti-Hamilton, OH/KY/IN",13,27
1680,-0.340408325195313,1940,8,"Cleveland, OH",32,52
1760,0.319549560546875,1940,8,"Columbia, SC",76,118
1800,0.47259521484375,1940,6,"Columbus, GA/AL",,125
1840,-0.27839469909668,1940,8,"Columbus, OH",41,63
1880,1.25909423828125,1940,8,"Corpus Christi, TX",89,137
1920,0.145538330078125,1940,8,"Dallas, TX",66,106
1960,0.0239715576171875,1940,7,"Davenport-Moline-Rock Island, IA/IL",,97
2000,0.05810546875,1940,8,"Dayton-Sprinfield, OH",62,100
2040,-0.317744255065918,1940,7,"Decatur, IL",,56
2080,-0.211456298828125,1940,8,"Denver, CO",49,73
2120,-0.256202697753906,1940,8,"Des Moines, IA",45,69
2160,-0.405853271484375,1940,8,"Detroit, MI",20,37
2240,-0.764312744140625,1940,7,"Duluth-Superior, MN/WI",,6
2310,-0.226104736328125,1940,8,"El Paso, TX",48,72
2360,-0.310543060302734,1940,8,"Erie, PA",36,57
2440,0.0640144348144531,1940,6,"Evansville, IN/KY",,101
2640,-0.346298217773438,1940,8,"Flint, MI",29,49
2760,-0.395009338855743,1940,8,"Fort Wayne, IN",22,39
280,-1.12255859375,1940,6,"Altoona, PA",,1
2840,0.614654541015625,1940,8,"Fresno, CA",83,130
2920,0.036468505859375,1940,7,"Galveston-Texas City, TX",,98
3000,-0.162582397460938,1940,8,"Grand Rapids, MI",51,78
3120,0.474884033203125,1940,8,"Greensboro-Winston-Salem-Highpoint, NC",81,126
3200,-0.180313110351563,1940,7,"Hamilton-Middletown, OH",,75
3240,-0.354885101318359,1940,8,"Harrisburg-Leban-Carlisle, PA",28,47
3280,-0.236579895019531,1940,8,"Hartford, CT",47,71
3360,0.629013061523438,1940,8,"Houston, TX",85,132
3400,-0.3502197265625,1940,5,"Huntington-Ashland, WV/KY/OH",,48
3480,-0.277386665344238,1940,8,"Indianapolis, IN",42,64
3520,-0.473716735839844,1940,7,"Jackson, MI",,23
3560,0.645736694335938,1940,7,"Jackson, MS",,133
3590,-0.195343017578125,1940,8,"Jacksonville, FL",50,74
3680,-0.0727386474609375,1940,8,"Johnstown, PA",55,86
3720,-0.051514892578125,1940,7,"Kalamazoo, MI",,95
3760,-0.480667114257813,1940,8,"Kansas City, MO/KS",11,22
3800,-1.0068359375,1940,6,"Kenosha, WI",,2
3840,-0.060150146484375,1940,8,"Knoxville, TN",58,91
4000,0.07989501953125,1940,8,"Lancaster, PA",64,103
4040,0.004974365234375,1940,8,"Lansing-East Lansing, MI",61,96
4360,-0.359588623046875,1940,7,"Lincoln, NE",,45
4400,-0.29754638671875,1940,8,"Little Rock-North Little Rock, AR",39,61
4480,0.287109375,1940,8,"Los Angeles-Long Beach, CA",75,116
4520,-0.300437927246094,1940,7,"Louisville, KY/IN",,60
4680,-0.141357421875,1940,6,"Macon, GA",,81
4720,0.17706298828125,1940,8,"Madison, WI",70,111
4760,-0.418701171875,1940,7,"Manchester, NH",,31
4920,-0.257110595703125,1940,7,"Memphis, TN/AR/MS",,68
5000,0.169105529785156,1940,8,"Miami, FL",68,109
5080,-0.5135498046875,1940,8,"Milwaukee-Waukesha, WI",9,20
5120,-0.357812404632568,1940,8,"Minneapolis-St. Paul, MN",27,46
5160,-0.059052734375,1940,8,"Mobile, AL",60,94
5240,-0.07464599609375,1940,7,"Montgomery, AL",,85
5360,0.181283980607986,1940,8,"Nashville, TN",71,112
5480,-0.363082885742188,1940,8,"New Haven-Meriden, CT",26,43
5560,-0.57037353515625,1940,8,"New Orleans, LA",6,14
5600,-0.370773315429688,1940,8,"New York, NY",25,42
5720,-0.152130126953125,1940,8,"Norfolk-Virginia Beach-Newport News, VA",53,80
5880,0.371337890625,1940,8,"Oklahoma City, OK",79,122
5920,-0.513778686523438,1940,7,"Omaha, NE/IA",,19
600,-0.07000732421875,1940,7,"Augusta-Aiken, GA/SC",,88
6120,0.33258056640625,1940,8,"Peoria, IL",77,119
6160,-0.41619873046875,1940,8,"Philadelphia, PA/NJ",15,32
6200,0.4378662109375,1940,8,"Phoenix-Mesa, AZ",80,123
6280,-0.274322509765625,1940,8,"Pittsburgh, PA",43,65
6400,-0.464607238769531,1940,6,"Portland, ME",,25
6440,-0.341079711914063,1940,8,"Portland-Vancouver, OR/WA",31,51
6480,-0.40753173828125,1940,8,"Providence, RI",18,35
6560,-0.180122375488281,1940,7,"Pueblo, CO",,77
6600,-0.649078369140625,1940,7,"Racine, WI",,12
6640,0.443817138671875,1940,7,"Raleigh-Durham, NC",,124
6680,-0.371444702148438,1940,8,"Reading, PA",24,41
6760,0.206367492675781,1940,8,"Richmond-Petersburg, VA",73,114
6800,-0.421173095703125,1940,7,"Roanoke, VA",,30
6840,-0.517196655273438,1940,8,"Rochester, NY",7,17
6880,-0.407989501953125,1940,8,"Rockford, IL",17,34
6920,-0.0494575500488281,1940,8,"Sacramento, CA",59,92
6960,0.0954742431640625,1940,7,"Saginaw-Bay City-Midland, MI",,104
7000,-0.664337158203125,1940,4,"St. Joseph, MO",,8
7040,-0.342056274414063,1940,8,"St. Louis, MO/IL",30,50
7160,0.243133544921875,1940,8,"Salt Lake City-Ogden, UT",74,115
7240,-0.135635375976563,1940,8,"San Antonio, TX",54,83
7320,0.6988525390625,1940,8,"San Diego, CA",86,134
7360,-0.409255981445313,1940,8,"San Francisco, CA",16,33
7400,0.116180419921875,1940,8,"San Jose, CA",65,105
7520,-0.03997802734375,1940,7,"Savannah, GA",,93
7560,-0.32373046875,1940,8,"Scranton-Wilkes-Barre-Hazleton, PA",33,53
7600,-0.37189769744873,1940,8,"Seattle-Everett, WA",23,40
7680,0.16552734375,1940,7,"Shreveport, LA",,108
7720,-0.55645751953125,1940,6,"Sioux City, IA/NE",,16
7800,-0.399383544921875,1940,8,"South Bend, IN",21,38
7840,-0.237373352050781,1940,8,"Spokane, WA",46,70
7880,-0.266571998596191,1940,6,"Springfield, IL",,66
7920,-0.427932739257813,1940,6,"Springfield, MO",,29
80,-0.902435302734375,1940,8,"Akron, OH",1,4
8000,-0.483612060546875,1940,8,"Springfield-Holyoke, MA",10,21
8120,0.0742645263671875,1940,8,"Stockton, CA",63,102
8160,-0.6552734375,1940,8,"Syracuse, NY",3,9
8200,-0.516983032226563,1940,8,"Tacoma, WA",8,18
8280,-0.6505126953125,1940,8,"Tampa-St. Petersburg-Clearwater, FL",4,10
8320,-0.850311279296875,1940,6,"Terre Haute, IN",,5
8400,-0.455718994140625,1940,7,"Toledo, OH/MI",,26
8440,-0.55743408203125,1940,6,"Topeka, KS",,15
8480,-0.259796142578125,1940,8,"Trenton, NJ",44,67
8560,0.203033447265625,1940,8,"Tulsa, OK",72,113
8680,-0.431098937988281,1940,8,"Utica-Rome, NY",14,28
8800,-0.0684585571289063,1940,7,"Waco, TX",,89
8840,0.61529541015625,1940,8,"Washington DC, MD/VA/WV",84,131
8920,0.347137451171875,1940,6,"Waterloo-Cedar Falls, IA",,120
9000,-0.180221557617188,1940,2,"Wheeling, WV/OH",,76
9040,0.36566162109375,1940,8,"Wichita, KS",78,121
9160,-0.1212158203125,1940,7,"Wilmington, DE/NJ/MD",,84
9240,-0.406562805175781,1940,8,"Worcester, MA",19,36
9280,-0.155723571777344,1940,8,"York, PA",52,79
9320,-0.323638916015625,1940,8,"Youngstown-Warren, OH",34,54
960,-0.137882232666016,1940,7,"Binghamton, NY",,82
"Chicago, IL",-0.670806884765625,1940,8,"Chicago, IL",2,7
"Eugene-Springfield, OR",-0.302303314208984,1940,8,"Eugene-Springfield, OR",38,59
"Hamilton-Middleton, OH",0.6146240234375,1940,7,"Hamilton-Middleton, OH",,129
"Mansfield, OH",0.314239501953125,1940,5,"Mansfield, OH",,117
"Monroe, LA",0.145782470703125,1940,8,"Monroe, LA",67,107
"New York, NY-Northeastern NJ",-0.937164306640625,1940,7,"New York, NY-Northeastern NJ",,3
"Portland, ME",1.02639770507813,1940,8,"Portland, ME",88,136
"San Angelo, TX",-0.062469482421875,1940,8,"San Angelo, TX",57,90
"Toledo, OH/MI",0.171157836914063,1940,8,"Toledo, OH/MI",69,110
1000,1.29248046875,1950,8,"Birmingham, AL",89,141
1120,-0.247161865234375,1950,8,"Boston, MA",8,17
1160,-0.059967041015625,1950,8,"Bridgeport, CT",19,36
1200,-0.335968017578125,1950,7,"Brockton, MA",,11
1280,0.0761260986328125,1950,8,"Buffalo, NY",33,54
1320,0.0078125,1950,8,"Canton, OH",27,44
1440,0.58929443359375,1950,8,"Charleston, SC",81,126
1480,0.230026245117188,1950,3,"Charleston, WV",,82
1520,0.528564453125,1950,8,"Charlotte-Gaston-Rock Hill, NC/SC",76,117
1560,0.4976806640625,1950,7,"Chattanooga, TN/GA",,116
1600,0.312141418457031,1950,8,"Chicago, IL",61,94
1640,0.393458843231201,1950,8,"Cincinatti-Hamilton, OH/KY/IN",69,105
1680,0.237419128417969,1950,8,"Cleveland, OH",54,84
1760,0.42169189453125,1950,8,"Columbia, SC",71,109
1800,0.4112548828125,1950,6,"Columbus, GA/AL",,107
1840,0.301010131835938,1950,8,"Columbus, OH",59,92
1880,0.303329467773438,1950,8,"Corpus Christi, TX",60,93
1920,0.269073486328125,1950,8,"Dallas, TX",58,90
1960,-0.156463623046875,1950,7,"Davenport-Moline-Rock Island, IA/IL",,28
2000,0.484161376953125,1950,8,"Dayton-Sprinfield, OH",72,111
2040,-0.61248779296875,1950,7,"Decatur, IL",,2
2080,0.22454833984375,1950,8,"Denver, CO",51,80
2120,-0.203933715820313,1950,8,"Des Moines, IA",12,21
2160,0.583877563476563,1950,8,"Detroit, MI",80,125
2240,0.1954345703125,1950,7,"Duluth-Superior, MN/WI",,74
2310,0.250701904296875,1950,8,"El Paso, TX",56,87
2360,0.0446014404296875,1950,8,"Erie, PA",31,50
2440,0.17803955078125,1950,6,"Evansville, IN/KY",,70
2640,0.0175704956054688,1950,8,"Flint, MI",28,45
2760,0.0988006591796875,1950,8,"Fort Wayne, IN",35,56
2840,0.37982177734375,1950,8,"Fresno, CA",67,103
2920,0.81494140625,1950,7,"Galveston-Texas City, TX",,131
3000,0.226211547851563,1950,8,"Grand Rapids, MI",52,81
3080,0.04107666015625,1950,6,"Green Bay, WI",,48
3120,0.8226318359375,1950,8,"Greensboro-Winston-Salem-Highpoint, NC",85,132
3160,0.319793701171875,1950,7,"Greenville-Spartanburg-Anderson, SC",,96
3200,0.541938781738281,1950,7,"Hamilton-Middletown, OH",,118
3240,-0.552108764648438,1950,8,"Harrisburg-Leban-Carlisle, PA",1,4
3280,-0.0349273681640625,1950,8,"Hartford, CT",20,37
3360,0.575592041015625,1950,8,"Houston, TX",79,124
3400,-0.518081665039063,1950,5,"Huntington-Ashland, WV/KY/OH",,6
3480,0.09991455078125,1950,8,"Indianapolis, IN",36,57
3520,0.174903869628906,1950,7,"Jackson, MI",,69
3560,0.8529052734375,1950,7,"Jackson, MS",,134
3590,0.40020751953125,1950,8,"Jacksonville, FL",70,106
3680,-0.030517578125,1950,8,"Johnstown, PA",22,39
3720,-0.138015747070313,1950,7,"Kalamazoo, MI",,31
3760,0.33251953125,1950,8,"Kansas City, MO/KS",63,97
3840,0.146331787109375,1950,8,"Knoxville, TN",39,62
4000,0.1885986328125,1950,8,"Lancaster, PA",46,72
4040,-0.140853881835938,1950,8,"Lansing-East Lansing, MI",17,29
4360,-0.1387939453125,1950,7,"Lincoln, NE",,30
4400,0.3907470703125,1950,8,"Little Rock-North Little Rock, AR",68,104
4440,-0.06475830078125,1950,5,"Lorain-Elyria, OH",,35
4480,0.200202941894531,1950,8,"Los Angeles-Long Beach, CA",49,76
4520,0.556976318359375,1950,7,"Louisville, KY/IN",,121
4600,0.246906280517578,1950,6,"Lubbock, TX",,86
4720,-0.1016845703125,1950,8,"Madison, WI",18,32
4760,-0.203521728515625,1950,7,"Manchester, NH",,22
4920,0.99853515625,1950,7,"Memphis, TN/AR/MS",,137
5000,0.5440673828125,1950,8,"Miami, FL",77,119
5080,0.191726684570313,1950,8,"Milwaukee-Waukesha, WI",47,73
5120,0.029205322265625,1950,8,"Minneapolis-St. Paul, MN",30,47
5160,0.9541015625,1950,8,"Mobile, AL",87,135
5240,1.1361083984375,1950,7,"Montgomery, AL",,139
5280,0.282867431640625,1950,6,"Muncie, IN",,91
5360,0.200958251953125,1950,8,"Nashville, TN",50,77
5480,-0.1739501953125,1950,8,"New Haven-Meriden, CT",15,25
5560,0.7628173828125,1950,8,"New Orleans, LA",83,128
5600,0.149351119995117,1950,8,"New York, NY",40,64
5720,0.96942138671875,1950,8,"Norfolk-Virginia Beach-Newport News, VA",88,136
5880,0.489898681640625,1950,8,"Oklahoma City, OK",74,113
5920,0.360580444335938,1950,7,"Omaha, NE/IA",,100
5960,0.571441650390625,1950,7,"Orlando, FL",,123
600,0.76324462890625,1950,7,"Augusta-Aiken, GA/SC",,129
6120,0.0233154296875,1950,8,"Peoria, IL",29,46
6160,0.236679077148438,1950,8,"Philadelphia, PA/NJ",53,83
6200,0.155277252197266,1950,8,"Phoenix-Mesa, AZ",43,67
6280,0.131195068359375,1950,8,"Pittsburgh, PA",37,60
6320,0.042572021484375,1950,2,"Pittsfield, MA",,49
6400,-0.590179443359375,1950,6,"Portland, ME",,3
6440,0.0518646240234375,1950,8,"Portland-Vancouver, OR/WA",32,52
6480,-0.263671875,1950,8,"Providence, RI",7,16
6560,0.33575439453125,1950,7,"Pueblo, CO",,98
6600,-0.10125732421875,1950,7,"Racine, WI",,33
6640,1.18109130859375,1950,7,"Raleigh-Durham, NC",,140
6680,-0.216217041015625,1950,8,"Reading, PA",11,20
6760,0.82586669921875,1950,8,"Richmond-Petersburg, VA",86,133
6780,0.0683746337890625,1950,7,"Riverside-San Bernadino, CA",,53
6800,0.426788330078125,1950,7,"Roanoke, VA",,110
6840,-0.017486572265625,1950,8,"Rochester, NY",25,42
6880,-0.401748657226563,1950,8,"Rockford, IL",3,8
6920,0.169242858886719,1950,8,"Sacramento, CA",44,68
6960,0.111482620239258,1950,7,"Saginaw-Bay City-Midland, MI",,59
7040,0.487442016601563,1950,8,"St. Louis, MO/IL",73,112
7160,0.257781982421875,1950,8,"Salt Lake City-Ogden, UT",57,88
7240,0.085723876953125,1950,8,"San Antonio, TX",34,55
7320,-0.165130615234375,1950,8,"San Diego, CA",16,26
7360,0.367355346679688,1950,8,"San Francisco, CA",65,101
7400,-0.0023193359375,1950,8,"San Jose, CA",26,43
7520,-0.3355712890625,1950,7,"Savannah, GA",,12
7560,-0.19549560546875,1950,8,"Scranton-Wilkes-Barre-Hazleton, PA",13,23
7600,0.31781005859375,1950,8,"Seattle-Everett, WA",62,95
7720,0.104042053222656,1950,6,"Sioux City, IA/NE",,58
7760,0.202178955078125,1950,5,"Sioux Falls, SD",,78
7800,0.367919921875,1950,8,"South Bend, IN",66,102
7840,-0.01776123046875,1950,8,"Spokane, WA",24,41
7880,0.20511531829834,1950,6,"Springfield, IL",,79
80,-0.0304031372070313,1950,8,"Akron, OH",23,40
8000,-0.233184814453125,1950,8,"Springfield-Holyoke, MA",10,19
8120,0.238372802734375,1950,8,"Stockton, CA",55,85
8160,-0.36358642578125,1950,8,"Syracuse, NY",5,10
8200,0.13818359375,1950,8,"Tacoma, WA",38,61
8280,0.34954833984375,1950,8,"Tampa-St. Petersburg-Clearwater, FL",64,99
8320,-0.730331420898438,1950,6,"Terre Haute, IN",,1
8400,0.147655487060547,1950,7,"Toledo, OH/MI",,63
8440,-0.0903396606445312,1950,6,"Topeka, KS",,34
8480,0.154479026794434,1950,8,"Trenton, NJ",42,66
8560,-0.0321922302246094,1950,8,"Tulsa, OK",21,38
8680,-0.24591064453125,1950,8,"Utica-Rome, NY",9,18
8800,-0.334625244140625,1950,7,"Waco, TX",,13
8840,0.763671875,1950,8,"Washington DC, MD/VA/WV",84,130
9000,-0.539093017578125,1950,2,"Wheeling, WV/OH",,5
9040,0.154266357421875,1950,8,"Wichita, KS",41,65
9080,0.257781982421875,1950,6,"Wichita Falls, TX",,88
9160,0.0457077026367188,1950,7,"Wilmington, DE/NJ/MD",,51
9240,-0.27691650390625,1950,8,"Worcester, MA",6,15
9280,-0.376190185546875,1950,8,"York, PA",4,9
9320,0.1954345703125,1950,8,"Youngstown-Warren, OH",48,74
960,-0.160003662109375,1950,7,"Binghamton, NY",,27
"Chicago, IL",-0.19097900390625,1950,8,"Chicago, IL",14,24
"Dayton-Springfield, OH",0.54931640625,1950,7,"Dayton-Springfield, OH",,120
"Eugene-Springfield, OR",-0.41864013671875,1950,8,"Eugene-Springfield, OR",2,7
"Hamilton-Middleton, OH",-0.289535522460938,1950,7,"Hamilton-Middleton, OH",,14
"Mansfield, OH",0.4140625,1950,5,"Mansfield, OH",,108
"Monroe, LA",0.7216796875,1950,8,"Monroe, LA",82,127
"New York, NY-Northeastern NJ",0.49017333984375,1950,7,"New York, NY-Northeastern NJ",,114
"Portland, ME",0.184112548828125,1950,8,"Portland, ME",45,71
"San Angelo, TX",0.561248779296875,1950,8,"San Angelo, TX",78,122
"Seattle-Everett, WA",1.1119384765625,1950,7,"Seattle-Everett, WA",,138
"Toledo, OH/MI",0.493072509765625,1950,8,"Toledo, OH/MI",75,115
1000,1.250732421875,1960,8,"Birmingham, AL",87,174
1120,-0.128143310546875,1960,8,"Boston, MA",16,44
1160,0.0895843505859375,1960,8,"Bridgeport, CT",43,85
1200,-0.14447021484375,1960,7,"Brockton, MA",,41
1240,-0.78076171875,1960,5,"Brownsville-Harlingen, TX",,2
1280,0.0826416015625,1960,8,"Buffalo, NY",41,83
1320,0.126480102539063,1960,8,"Canton, OH",48,93
1360,-0.246337890625,1960,6,"Cedar Rapids, IA",,25
1400,0.106081962585449,1960,5,"Champaign-Urbana-Rantoul, IL",,88
1440,1.281494140625,1960,8,"Charleston, SC",88,175
1520,0.820556640625,1960,8,"Charlotte-Gaston-Rock Hill, NC/SC",80,160
1560,0.50286865234375,1960,7,"Chattanooga, TN/GA",,141
1600,0.492706298828125,1960,8,"Chicago, IL",69,139
1640,0.469757080078125,1960,8,"Cincinatti-Hamilton, OH/KY/IN",67,137
1680,0.52490234375,1960,8,"Cleveland, OH",74,145
1720,-0.4017333984375,1960,5,"Colorado Springs, CO",,7
1760,0.685791015625,1960,8,"Columbia, SC",77,152
1800,0.8372802734375,1960,6,"Columbus, GA/AL",,162
1840,0.306793212890625,1960,8,"Columbus, OH",56,114
1880,-0.0621337890625,1960,8,"Corpus Christi, TX",26,59
1920,0.293243408203125,1960,8,"Dallas, TX",54,111
1960,-0.063385009765625,1960,7,"Davenport-Moline-Rock Island, IA/IL",,58
2000,0.359451293945313,1960,8,"Dayton-Sprinfield, OH",59,122
2040,-0.03192138671875,1960,7,"Decatur, IL",,63
2080,-0.092529296875,1960,8,"Denver, CO",22,52
2120,0.011627197265625,1960,8,"Des Moines, IA",32,71
2160,0.50634765625,1960,8,"Detroit, MI",71,142
2240,-0.2171630859375,1960,7,"Duluth-Superior, MN/WI",,28
2310,-0.25787353515625,1960,8,"El Paso, TX",7,22
2360,-0.169921875,1960,8,"Erie, PA",11,35
2400,-0.28204345703125,1960,5,"Eugene-Sprinfield, OR",,12
2440,0.0821380615234375,1960,6,"Evansville, IN/KY",,82
2520,-0.42169189453125,1960,3,"Fargo-Moorhead, ND/MN",,6
2640,0.4307861328125,1960,8,"Flint, MI",66,132
2680,0.30389404296875,1960,6,"Fort Lauderdale-Hollywood-Pompano Beach, FL",,113
2760,0.0953216552734375,1960,8,"Fort Wayne, IN",44,86
280,-0.25616455078125,1960,6,"Altoona, PA",,23
2840,-0.164337158203125,1960,8,"Fresno, CA",12,36
2880,0.35089111328125,1960,4,"Gadsden, AL",,119
2920,0.6453857421875,1960,7,"Galveston-Texas City, TX",,150
3000,-0.05471923828125,1960,8,"Grand Rapids, MI",29,64
3040,-0.275146484375,1960,1,"Great Falls, MT",,14
3080,0.0084228515625,1960,6,"Green Bay, WI",,70
3120,0.65185546875,1960,8,"Greensboro-Winston-Salem-Highpoint, NC",76,151
3160,0.36187744140625,1960,7,"Greenville-Spartanburg-Anderson, SC",,124
3200,0.1259765625,1960,7,"Hamilton-Middletown, OH",,92
3240,0.08001708984375,1960,8,"Harrisburg-Leban-Carlisle, PA",40,81
3280,0.0659027099609375,1960,8,"Hartford, CT",37,77
3360,0.6256103515625,1960,8,"Houston, TX",75,148
3400,-0.015289306640625,1960,5,"Huntington-Ashland, WV/KY/OH",,68
3480,0.50799560546875,1960,8,"Indianapolis, IN",72,143
3520,0.1505126953125,1960,7,"Jackson, MI",,98
3590,1.480224609375,1960,8,"Jacksonville, FL",89,176
3680,-0.18194580078125,1960,8,"Johnstown, PA",8,31
3720,-0.01971435546875,1960,7,"Kalamazoo, MI",,67
3760,0.29620361328125,1960,8,"Kansas City, MO/KS",55,112
3800,-0.00775146484375,1960,6,"Kenosha, WI",,69
3840,-0.0422897338867188,1960,8,"Knoxville, TN",28,61
3960,0.69091796875,1960,4,"Lake Charles, LA",,153
4000,-0.2735595703125,1960,8,"Lancaster, PA",5,15
4040,-0.05337646484375,1960,8,"Lansing-East Lansing, MI",31,66
4080,-1.377685546875,1960,3,"Laredo, TX",,1
4120,0.0125045776367188,1960,6,"Las Vegas, NV",,72
4280,0.43902587890625,1960,5,"Lexington-Fayette, KY",,133
4320,0.281982421875,1960,5,"Lima, OH",,110
4360,-0.26806640625,1960,7,"Lincoln, NE",,19
4400,0.385986328125,1960,8,"Little Rock-North Little Rock, AR",63,128
4440,0.281356811523438,1960,5,"Lorain-Elyria, OH",,109
4480,0.166473388671875,1960,8,"Los Angeles-Long Beach, CA",50,99
4520,0.351898193359375,1960,7,"Louisville, KY/IN",,120
4600,-0.0784168243408203,1960,6,"Lubbock, TX",,56
4640,0.468505859375,1960,4,"Lynchburg, VA",,135
4680,0.994873046875,1960,6,"Macon, GA",,164
4720,-0.11163330078125,1960,8,"Madison, WI",19,48
4760,-0.453369140625,1960,7,"Manchester, NH",,5
4920,1.238525390625,1960,7,"Memphis, TN/AR/MS",,173
5000,0.23907470703125,1960,8,"Miami, FL",52,106
5040,0.270645141601563,1960,2,"Midland, TX",,108
5080,0.114349365234375,1960,8,"Milwaukee-Waukesha, WI",47,91
5120,-0.06829833984375,1960,8,"Minneapolis-St. Paul, MN",25,57
5160,1.058349609375,1960,8,"Mobile, AL",85,168
5200,0.710693359375,1960,5,"Monroe, LA",,154
5240,1.08056640625,1960,7,"Montgomery, AL",,170
5280,-0.0382080078125,1960,6,"Muncie, IN",,62
5320,0.226547241210938,1960,2,"Muskegon, MI",,104
5360,0.51318359375,1960,8,"Nashville, TN",73,144
5400,-0.486419677734375,1960,5,"New Bedford, MA",,3
5480,0.373687744140625,1960,8,"New Haven-Meriden, CT",61,126
5560,1.029052734375,1960,8,"New Orleans, LA",83,166
5600,0.337066650390625,1960,8,"New York, NY",58,118
5720,1.173095703125,1960,8,"Norfolk-Virginia Beach-Newport News, VA",86,172
5760,0.222175598144531,1960,2,"Norwalk, CT",,103
5800,0.130615234375,1960,5,"Odessa, TX",,94
5880,0.0300407409667969,1960,8,"Oklahoma City, OK",34,74
5920,0.110992431640625,1960,7,"Omaha, NE/IA",,89
5960,0.46856689453125,1960,7,"Orlando, FL",,136
600,0.801513671875,1960,7,"Augusta-Aiken, GA/SC",,159
6080,0.636474609375,1960,5,"Pensacola, FL",,149
6120,-0.053712158203125,1960,8,"Peoria, IL",30,65
6160,0.49981689453125,1960,8,"Philadelphia, PA/NJ",70,140
6200,-0.28753662109375,1960,8,"Phoenix-Mesa, AZ",4,11
6280,0.145889282226563,1960,8,"Pittsburgh, PA",49,96
6320,-0.1109619140625,1960,2,"Pittsfield, MA",,49
6400,-0.26971435546875,1960,6,"Portland, ME",,18
6440,-0.093902587890625,1960,8,"Portland-Vancouver, OR/WA",21,51
6480,-0.33209228515625,1960,8,"Providence, RI",2,8
6520,-0.2755126953125,1960,5,"Provo-Orem, UT",,13
6560,-0.161834716796875,1960,7,"Pueblo, CO",,37
6600,0.1495361328125,1960,7,"Racine, WI",,97
6640,0.783935546875,1960,7,"Raleigh-Durham, NC",,157
6680,-0.1136474609375,1960,8,"Reading, PA",18,47
6720,-0.085723876953125,1960,5,"Reno, NV",,54
6760,0.87548828125,1960,8,"Richmond-Petersburg, VA",82,163
6780,-0.216888427734375,1960,7,"Riverside-San Bernadino, CA",,29
6800,0.5889892578125,1960,7,"Roanoke, VA",,146
6840,0.0213623046875,1960,8,"Rochester, NY",33,73
6880,0.049285888671875,1960,8,"Rockford, IL",36,76
6920,0.205466032028198,1960,8,"Sacramento, CA",51,100
6960,0.212028503417969,1960,7,"Saginaw-Bay City-Midland, MI",,102
7040,0.416290283203125,1960,8,"St. Louis, MO/IL",65,131
7160,-0.151092529296875,1960,8,"Salt Lake City-Ogden, UT",13,40
7240,-0.110785961151123,1960,8,"San Antonio, TX",20,50
7320,-0.0865631103515625,1960,8,"San Diego, CA",23,53
7360,0.383331298828125,1960,8,"San Francisco, CA",62,127
7400,0.074798583984375,1960,8,"San Jose, CA",39,79
7470,-0.262176513671875,1960,6,"Santa Barbara-San Maria-Lompac, CA",,20
7520,1.157958984375,1960,7,"Savannah, GA",,171
7560,-0.46630859375,1960,8,"Scranton-Wilkes-Barre-Hazleton, PA",1,4
7600,0.0335693359375,1960,8,"Seattle-Everett, WA",35,75
7680,1.026611328125,1960,7,"Shreveport, LA",,165
7720,-0.20599365234375,1960,6,"Sioux City, IA/NE",,30
7760,-0.30096435546875,1960,5,"Sioux Falls, SD",,10
7800,0.0892486572265625,1960,8,"South Bend, IN",42,84
7840,-0.08251953125,1960,8,"Spokane, WA",24,55
7920,-0.2491455078125,1960,6,"Springfield, MO",,24
80,0.268512725830078,1960,8,"Akron, OH",53,107
8000,-0.06109619140625,1960,8,"Springfield-Holyoke, MA",27,60
8080,0.357032775878906,1960,1,"Steubenville-Weirton, OH/WV",,121
8120,0.315025329589844,1960,8,"Stockton, CA",57,117
8160,-0.17041015625,1960,8,"Syracuse, NY",10,34
8200,-0.14404296875,1960,8,"Tacoma, WA",14,42
8280,0.07281494140625,1960,8,"Tampa-St. Petersburg-Clearwater, FL",38,78
8400,0.36572265625,1960,7,"Toledo, OH/MI",,125
8440,0.206445217132568,1960,6,"Topeka, KS",,101
8480,0.480804443359375,1960,8,"Trenton, NJ",68,138
8520,-0.27069091796875,1960,6,"Tucson, AZ",,16
8560,0.113709926605225,1960,8,"Tulsa, OK",46,90
8600,0.6180419921875,1960,5,"Tuscaloosa, AL",,147
8640,0.7672119140625,1960,5,"Tyler, TX",,156
8680,-0.26202392578125,1960,8,"Utica-Rome, NY",6,21
8800,0.1422119140625,1960,7,"Waco, TX",,95
8840,1.041259765625,1960,8,"Washington DC, MD/VA/WV",84,167
8880,0.229988098144531,1960,5,"Waterbury, CT",,105
8920,0.07562255859375,1960,6,"Waterloo-Cedar Falls, IA",,80
8960,0.4150390625,1960,6,"West Palm Beach-Boca Raton, FL",,130
9040,0.101104736328125,1960,8,"Wichita, KS",45,87
9080,-0.152950286865234,1960,6,"Wichita Falls, TX",,39
9160,0.30908203125,1960,7,"Wilmington, DE/NJ/MD",,115
9240,-0.3250732421875,1960,8,"Worcester, MA",3,9
9280,-0.18109130859375,1960,8,"York, PA",9,32
9320,0.361015319824219,1960,8,"Youngstown-Warren, OH",60,123
960,-0.24359130859375,1960,7,"Binghamton, NY",,26
"Anderson, IN",-0.178192138671875,1960,5,"Anderson, IN",,33
"Chicago, IL",-0.138519287109375,1960,8,"Chicago, IL",15,43
"Dayton-Springfield, OH",-0.27008056640625,1960,7,"Dayton-Springfield, OH",,17
"Eugene-Springfield, OR",-0.11572265625,1960,8,"Eugene-Springfield, OR",17,45
"Hamilton-Middleton, OH",-0.115676879882813,1960,7,"Hamilton-Middleton, OH",,46
"Little Rock-N. Little Rock, AR",0.312404632568359,1960,5,"Little Rock-N. Little Rock, AR",,116
"Monroe, LA",0.8212890625,1960,8,"Monroe, LA",81,161
"New York, NY-Northeastern NJ",0.4427490234375,1960,7,"New York, NY-Northeastern NJ",,134
"Portland, ME",0.4073486328125,1960,8,"Portland, ME",64,129
"Roanoke, VA",-0.160186767578125,1960,6,"Roanoke, VA",,38
"San Angelo, TX",0.78857421875,1960,8,"San Angelo, TX",79,158
"Seattle-Everett, WA",1.078369140625,1960,7,"Seattle-Everett, WA",,169
"Toledo, OH/MI",0.7645263671875,1960,8,"Toledo, OH/MI",78,155
"Waco, TX",-0.233154296875,1960,5,"Waco, TX",,27
1000,0.171040490269661,1970,8,"Birmingham, AL",41,52
1120,0.159281130880117,1970,8,"Boston, MA",37,48
1160,0.443250097334385,1970,8,"Bridgeport, CT",88,106
1200,0.0673233568668366,1970,7,"Brockton, MA",,31
1280,0.241998121142387,1970,8,"Buffalo, NY",73,89
1320,0.182552802376449,1970,8,"Canton, OH",47,59
1440,0.237330406904221,1970,8,"Charleston, SC",72,88
1520,0.207613334059715,1970,8,"Charlotte-Gaston-Rock Hill, NC/SC",63,78
1600,0.272973317652941,1970,8,"Chicago, IL",80,97
1640,0.184397988021374,1970,8,"Cincinatti-Hamilton, OH/KY/IN",48,60
1680,0.261737673543394,1970,8,"Cleveland, OH",75,92
1760,-0.013727068901062,1970,8,"Columbia, SC",13,17
1840,0.20198168233037,1970,8,"Columbus, OH",60,74
1880,-0.170151919126511,1970,8,"Corpus Christi, TX",2,3
1920,0.103032246232033,1970,8,"Dallas, TX",27,37
2000,0.380083314608783,1970,8,"Dayton-Sprinfield, OH",87,105
2080,0.0760557353496552,1970,8,"Denver, CO",25,34
2120,0.103431820869446,1970,8,"Des Moines, IA",28,38
2160,0.311971856281161,1970,8,"Detroit, MI",84,101
2310,-0.150955088436604,1970,8,"El Paso, TX",3,4
2360,0.284401476383209,1970,8,"Erie, PA",81,98
2640,0.230498507618904,1970,8,"Flint, MI",68,84
2680,0.195428684353828,1970,6,"Fort Lauderdale-Hollywood-Pompano Beach, FL",,66
2760,0.175119325518608,1970,8,"Fort Wayne, IN",42,53
2840,0.264865700155497,1970,8,"Fresno, CA",78,95
3000,0.16694843955338,1970,8,"Grand Rapids, MI",39,50
3120,0.0382365733385086,1970,8,"Greensboro-Winston-Salem-Highpoint, NC",21,27
3160,0.0475441664457321,1970,7,"Greenville-Spartanburg-Anderson, SC",,29
3240,0.148791134357452,1970,8,"Harrisburg-Leban-Carlisle, PA",34,45
3280,0.196595750749111,1970,8,"Hartford, CT",55,69
3360,0.182448729872704,1970,8,"Houston, TX",46,58
3480,0.264083050191402,1970,8,"Indianapolis, IN",77,94
3560,0.191664010286331,1970,7,"Jackson, MS",,63
3590,-0.0659803152084351,1970,8,"Jacksonville, FL",5,6
3680,-0.050862230360508,1970,8,"Johnstown, PA",6,7
3760,0.120682876557112,1970,8,"Kansas City, MO/KS",31,42
3840,0.170755341649055,1970,8,"Knoxville, TN",40,51
4000,0.163608357310295,1970,8,"Lancaster, PA",38,49
4040,0.153332561254501,1970,8,"Lansing-East Lansing, MI",35,46
4120,0.0848251394927502,1970,6,"Las Vegas, NV",,35
4400,0.0198797658085823,1970,8,"Little Rock-North Little Rock, AR",19,24
4440,0.24342568218708,1970,5,"Lorain-Elyria, OH",,90
4480,0.201069056987762,1970,8,"Los Angeles-Long Beach, CA",59,73
4720,-0.0151844024658203,1970,8,"Madison, WI",10,14
5000,0.00426987558603287,1970,8,"Miami, FL",16,21
5080,0.261793993413448,1970,8,"Milwaukee-Waukesha, WI",76,93
5120,0.237319111824036,1970,8,"Minneapolis-St. Paul, MN",71,87
5160,-9.40194586291909e-05,1970,8,"Mobile, AL",14,19
5360,0.13134703412652,1970,8,"Nashville, TN",32,43
5480,0.23299503326416,1970,8,"New Haven-Meriden, CT",70,86
5560,0.185562670230865,1970,8,"New Orleans, LA",49,61
5600,0.202691964805126,1970,8,"New York, NY",61,75
5720,0.0711212605237961,1970,8,"Norfolk-Virginia Beach-Newport News, VA",23,32
5880,0.0176350697875023,1970,8,"Oklahoma City, OK",18,23
5960,0.0212146611884236,1970,7,"Orlando, FL",,25
6120,0.267104111611843,1970,8,"Peoria, IL",79,96
6160,0.19645790848881,1970,8,"Philadelphia, PA/NJ",54,68
6200,-0.0138298161327839,1970,8,"Phoenix-Mesa, AZ",12,16
6280,0.177183136343956,1970,8,"Pittsburgh, PA",45,56
6440,0.297328531742096,1970,8,"Portland-Vancouver, OR/WA",83,100
6480,0.0471471250057221,1970,8,"Providence, RI",22,28
6680,0.197329163551331,1970,8,"Reading, PA",56,70
6760,0.232273731380701,1970,8,"Richmond-Petersburg, VA",69,85
6780,0.178415589034557,1970,7,"Riverside-San Bernadino, CA",,57
6840,0.22383376955986,1970,8,"Rochester, NY",66,82
6880,0.291314691305161,1970,8,"Rockford, IL",82,99
6920,-0.0143358297646046,1970,8,"Sacramento, CA",11,15
7040,0.20000228472054,1970,8,"St. Louis, MO/IL",58,72
7120,0.203480750322342,1970,5,"Salinas-Sea Side-Monterey, CA",,76
7160,0.00346382707357407,1970,8,"Salt Lake City-Ogden, UT",15,20
7240,-0.107283264398575,1970,8,"San Antonio, TX",4,5
7320,0.10843610111624,1970,8,"San Diego, CA",30,40
7360,0.175981899723411,1970,8,"San Francisco, CA",44,55
7400,0.249866165220737,1970,8,"San Jose, CA",74,91
7470,-0.0156992673873901,1970,6,"Santa Barbara-San Maria-Lompac, CA",,13
7560,-0.289193816483021,1970,8,"Scranton-Wilkes-Barre-Hazleton, PA",1,1
7600,0.229479324072599,1970,8,"Seattle-Everett, WA",67,83
7680,-0.179042607545853,1970,7,"Shreveport, LA",,2
7800,0.0750851556658745,1970,8,"South Bend, IN",24,33
7840,0.00822532176971436,1970,8,"Spokane, WA",17,22
80,0.206532746553421,1970,8,"Akron, OH",62,77
8000,0.194542698562145,1970,8,"Springfield-Holyoke, MA",52,65
8120,0.223030567169189,1970,8,"Stockton, CA",65,81
8160,0.192364417947829,1970,8,"Syracuse, NY",51,64
8200,-0.0534493352472782,1970,8,"Tacoma, WA",7,10
8280,0.0334104038774967,1970,8,"Tampa-St. Petersburg-Clearwater, FL",20,26
8480,0.465353965759277,1970,8,"Trenton, NJ",89,107
8520,-0.0569981175661087,1970,6,"Tucson, AZ",,9
8560,0.143876045942307,1970,8,"Tulsa, OK",33,44
8680,0.104789558798075,1970,8,"Utica-Rome, NY",29,39
8730,0.321097234264016,1970,5,"Ventura-Oxnard, CA",,103
8840,0.323544010985643,1970,8,"Washington DC, MD/VA/WV",86,104
8960,-0.0105007886886597,1970,6,"West Palm Beach-Boca Raton, FL",,18
9040,0.315889153629541,1970,8,"Wichita, KS",85,102
9240,0.217369902879,1970,8,"Worcester, MA",64,79
9280,0.153920259326696,1970,8,"York, PA",36,47
9320,0.187939371913672,1970,8,"Youngstown-Warren, OH",50,62
"Chicago, IL",0.0962020307779312,1970,8,"Chicago, IL",26,36
"Dayton-Springfield, OH",-0.0474997907876968,1970,7,"Dayton-Springfield, OH",,8
"Eugene-Springfield, OR",0.195992305874825,1970,8,"Eugene-Springfield, OR",53,67
"Lubbock, TX",0.0579357782844454,1970,5,"Lubbock, TX",,30
"Monroe, LA",0.175434406846762,1970,8,"Monroe, LA",43,54
"Portland, ME",-0.0166009068489075,1970,8,"Portland, ME",9,12
"Roanoke, VA",0.118912532925606,1970,6,"Roanoke, VA",,41
"San Angelo, TX",0.199369350448251,1970,8,"San Angelo, TX",57,71
"Seattle-Everett, WA",0.220323090441525,1970,7,"Seattle-Everett, WA",,80
"Toledo, OH/MI",-0.0199051573872566,1970,8,"Toledo, OH/MI",8,11
1000,0.0952571332454681,1980,8,"Birmingham, AL",40,146
1040,-0.0462602078914642,1980,4,"Bloomington-Normal, IL",,56
1080,0.0550263524055481,1980,4,"Boise City, ID",,122
1120,-0.0122597813606262,1980,8,"Boston, MA",12,73
1140,-0.113899230957031,1980,2,"Bradenton, FL",,29
1150,0.273090600967407,1980,4,"Bremerton, WA",,238
1160,0.217604994773865,1980,8,"Bridgeport, CT",80,224
1240,-0.222018182277679,1980,5,"Brownsville-Harlingen, TX",,7
1280,0.0252610445022583,1980,8,"Buffalo, NY",18,99
1320,0.273728784173727,1980,8,"Canton, OH",86,239
1360,0.195450127124786,1980,6,"Cedar Rapids, IA",,208
1400,-0.117366760969162,1980,5,"Champaign-Urbana-Rantoul, IL",,25
1440,0.0306333899497986,1980,8,"Charleston, SC",21,104
1480,0.0953736007213593,1980,3,"Charleston, WV",,147
1520,0.0450468631461263,1980,8,"Charlotte-Gaston-Rock Hill, NC/SC",27,115
1540,-0.116345224902034,1980,3,"Charlottesville, VA",,27
1560,0.0558039024181198,1980,7,"Chattanooga, TN/GA",,123
1600,0.256220310926437,1980,8,"Chicago, IL",84,235
1620,-0.0993495583534241,1980,4,"Chico, CA",,36
1640,0.147808186709881,1980,8,"Cincinatti-Hamilton, OH/KY/IN",55,179
1680,0.199243098497391,1980,8,"Cleveland, OH",73,213
1720,-0.240113332867622,1980,5,"Colorado Springs, CO",,4
1740,0.186298370361328,1980,4,"Columbia, MO",,203
1760,0.0485059358179569,1980,8,"Columbia, SC",28,119
1800,-0.24562406539917,1980,6,"Columbus, GA/AL",,3
1840,0.10608331207186,1980,8,"Columbus, OH",42,158
1880,-0.186524957418442,1980,8,"Corpus Christi, TX",2,11
1920,0.0741001293063164,1980,8,"Dallas, TX",31,129
1950,-0.222161568701267,1980,4,"Danville, VA",,6
1960,0.154236119240522,1980,7,"Davenport-Moline-Rock Island, IA/IL",,186
2000,0.21680273860693,1980,8,"Dayton-Sprinfield, OH",79,223
2020,-0.164152713492513,1980,4,"Daytona Beach, FL",,15
2040,0.254249662160873,1980,7,"Decatur, IL",,233
2080,0.0827967301011086,1980,8,"Denver, CO",36,136
2120,0.0951663702726364,1980,8,"Des Moines, IA",39,145
2160,0.356786042451859,1980,8,"Detroit, MI",88,249
2240,0.0988029837608337,1980,7,"Duluth-Superior, MN/WI",,153
2290,0.0151242315769196,1980,4,"Eau Claire, WI",,89
2310,-0.226717587560415,1980,8,"El Paso, TX",1,5
2320,0.183523133397102,1980,4,"Elkhart-Goshen, IN",,200
2360,0.0789066851139069,1980,8,"Erie, PA",33,133
2400,0.0562216341495514,1980,5,"Eugene-Sprinfield, OR",,124
2440,-0.0726397298276424,1980,6,"Evansville, IN/KY",,46
2560,0.0276736319065094,1980,4,"Fayetteville, NC",,101
2580,-0.00601402670145035,1980,4,"Fayetteville-Springdale, AR",,77
2640,0.365712627768517,1980,8,"Flint, MI",89,250
2660,-0.0527248221635819,1980,2,"Florence, SC",,64
2670,0.0107235312461853,1980,4,"Fort Collin-Loveland, CO",,88
2680,0.0455532670021057,1980,6,"Fort Lauderdale-Hollywood-Pompano Beach, FL",,117
2700,-0.0558725211024284,1980,4,Fort Myers-Cape Coral FL,,61
2750,-0.183425582945347,1980,3,"Fort Walton Beach, FL",,12
2760,0.131733632646501,1980,8,"Fort Wayne, IN",48,167
280,-0.050293265581131,1980,6,"Altoona, PA",,66
2840,0.0317255482077599,1980,8,"Fresno, CA",22,105
2880,0.202305257320404,1980,4,"Gadsden, AL",,216
2900,-0.292247734963894,1980,4,"Gainesville, FL",,1
2920,0.271301925182343,1980,7,"Galveston-Texas City, TX",,237
2970,-0.107747208327055,1980,3,"Glens Falls, NY",,32
3000,0.205879956483841,1980,8,"Grand Rapids, MI",76,219
3060,-0.00222156569361687,1980,4,"Greeley, CO",,80
3080,0.0979495048522949,1980,6,"Green Bay, WI",,152
3120,0.0323104560375214,1980,8,"Greensboro-Winston-Salem-Highpoint, NC",23,106
3160,-0.0659348890185356,1980,7,"Greenville-Spartanburg-Anderson, SC",,49
3180,-0.0836817696690559,1980,4,"Hagerstown, MD",,41
3200,0.229957193136215,1980,7,"Hamilton-Middletown, OH",,228
3240,0.123880470171571,1980,8,"Harrisburg-Leban-Carlisle, PA",45,164
3280,0.138366281986237,1980,8,"Hartford, CT",52,172
3290,-0.176221117377281,1980,4,"Hickory-Morgantown, NC",,13
3360,0.195333261042833,1980,8,"Houston, TX",69,207
3400,0.202256336808205,1980,5,"Huntington-Ashland, WV/KY/OH",,215
3440,-0.00286906585097313,1980,3,"Huntsville, AL",,79
3480,0.198902513831854,1980,8,"Indianapolis, IN",72,212
3520,0.16328115016222,1980,7,"Jackson, MI",,192
3560,-0.0729033392854035,1980,7,"Jackson, MS",,45
3590,0.00668781250715256,1980,8,"Jacksonville, FL",15,86
3600,-0.0973454117774963,1980,4,"Jacksonville, NC",,37
3620,0.17244479060173,1980,4,"Janesville-Beloit, WI",,197
3660,0.0864277817308903,1980,4,"Johnson-Kinsport-Bristol, TN/VA",,139
3680,0.197684656828642,1980,8,"Johnstown, PA",70,210
3710,-0.0306858383119106,1980,4,"Joplin, MO",,60
3720,0.235466554760933,1980,7,"Kalamazoo, MI",,229
3740,0.477026909589768,1980,3,"Kankakee, IL",,253
3760,0.143218917190097,1980,8,"Kansas City, MO/KS",54,176
3800,0.309091806411743,1980,6,"Kenosha, WI",,245
3810,0.0207979753613472,1980,4,"Kileen-Temple, TX",,93
3840,0.0810817191377282,1980,8,"Knoxville, TN",35,135
3850,0.0691886842250824,1980,3,"Kokomo, IN",,126
3880,0.384296593721956,1980,4,"Lafayette, LA",,251
3920,0.0964440256357193,1980,4,"Lafayette, IN",,149
3960,0.0876495838165283,1980,4,"Lake Charles, LA",,142
3980,0.0625449270009995,1980,4,"Lakeland-Winter Haven, FL",,125
4000,0.183623015880585,1980,8,"Lancaster, PA",67,201
4040,0.205515563488007,1980,8,"Lansing-East Lansing, MI",75,217
4120,-0.0517962637543678,1980,6,"Las Vegas, NV",,65
4200,-0.0327097475528717,1980,1,"Lawton, OK",,58
4280,-0.0313530117273331,1980,5,"Lexington-Fayette, KY",,59
4320,0.153682485222816,1980,5,"Lima, OH",,184
4360,-0.102964490652084,1980,7,"Lincoln, NE",,35
4400,0.00409000366926193,1980,8,"Little Rock-North Little Rock, AR",14,85
4410,0.148107200860977,1980,1,"Longbranch-Asbury Park, NJ",,180
4420,-0.111828409135342,1980,4,"Longview-Marshall, TX",,30
4440,0.293524075299501,1980,5,"Lorain-Elyria, OH",,243
4480,0.101422049105167,1980,8,"Los Angeles-Long Beach, CA",41,155
450,-0.114439830183983,1980,4,"Anniston, AL",,28
4520,0.143488265573978,1980,7,"Louisville, KY/IN",,177
4600,0.0335089266300201,1980,6,"Lubbock, TX",,107
4640,-0.0634709652513266,1980,4,"Lynchburg, VA",,50
4680,-0.053189477622509,1980,6,"Macon, GA",,63
4720,0.0224832743406296,1980,8,"Madison, WI",17,96
4760,0.0339328553527594,1980,7,"Manchester, NH",,108
4800,0.112881779670715,1980,4,"Mansfield, OH",,161
4880,-0.257274150848389,1980,4,"McAllen-Edinburg-Mission, TX",,2
4890,-0.0466501442715526,1980,4,"Medford-Ashland, OR",,55
4900,0.112737655639648,1980,4,"Melbourn-Titusville, FL",,160
4920,0.0958582162857056,1980,7,"Memphis, TN/AR/MS",,148
5000,-0.0478264689445496,1980,8,"Miami, FL",9,54
5080,0.154463022947311,1980,8,"Milwaukee-Waukesha, WI",59,187
5120,0.153990641236305,1980,8,"Minneapolis-St. Paul, MN",58,185
5160,0.11205281317234,1980,8,"Mobile, AL",43,159
5170,0.14020448923111,1980,4,"Modesto, CA",,174
5200,-0.0957827717065811,1980,5,"Monroe, LA",,38
5240,-0.200548827648163,1980,7,"Montgomery, AL",,8
5280,0.0965558551251888,1980,6,"Muncie, IN",,150
5320,0.0929819643497467,1980,2,"Muskegon, MI",,144
5360,0.0752832219004631,1980,8,"Nashville, TN",32,130
5400,-0.175784230232239,1980,5,"New Bedford, MA",,14
5460,0.290404543280602,1980,1,"New Brunswick-Perth Amboy-Sayreville, NJ",,242
5480,0.259464770555496,1980,8,"New Haven-Meriden, CT",85,236
5560,0.177413821220398,1980,8,"New Orleans, LA",66,198
5600,0.150200337171555,1980,8,"New York, NY",57,182
5640,0.0999915562570095,1980,1,"Newark, OH",,154
5660,0.182665124535561,1980,3,"Newburgh, NY",,199
5720,0.0800603926181793,1980,8,"Norfolk-Virginia Beach-Newport News, VA",34,134
5760,0.463458806276321,1980,2,"Norwalk, CT",,252
5790,0.0449540168046951,1980,4,"Ocala, FL",,114
5800,0.280743882060051,1980,5,"Odessa, TX",,241
5880,0.0493776500225067,1980,8,"Oklahoma City, OK",29,120
5910,0.0152805149555206,1980,4,"Olympia, WA",,90
5920,0.0278047323226929,1980,7,"Omaha, NE/IA",,102
5960,-0.123020619153976,1980,7,"Orlando, FL",,22
600,0.0213704705238342,1980,7,"Augusta-Aiken, GA/SC",,94
6030,-0.00769132375717163,1980,2,"Pascagoula-Moss Point, MS",,76
6080,-0.062422126531601,1980,5,"Pensacola, FL",,51
6120,0.351936221122742,1980,8,"Peoria, IL",87,248
6160,0.159433037042618,1980,8,"Philadelphia, PA/NJ",60,189
6200,0.0154936015605927,1980,8,"Phoenix-Mesa, AZ",16,91
6280,0.201496005058289,1980,8,"Pittsburgh, PA",74,214
6400,-0.0746237337589264,1980,6,"Portland, ME",,44
6440,0.160756945610046,1980,8,"Portland-Vancouver, OR/WA",61,190
6450,-0.134805947542191,1980,1,"Portsmouth-Dover-Rochester,NH/ME",,18
6480,-0.00217646360397339,1980,8,"Providence, RI",13,81
6520,-0.00928539037704468,1980,5,"Provo-Orem, UT",,74
6560,0.143573842942715,1980,7,"Pueblo, CO",,178
6600,0.342339318245649,1980,7,"Racine, WI",,246
6640,0.0758864879608154,1980,7,"Raleigh-Durham, NC",,132
6680,0.0377476811408997,1980,8,"Reading, PA",24,109
6690,-0.122824639081955,1980,4,"Redding, CA",,23
6720,-0.0769833326339722,1980,5,"Reno, NV",,43
6740,0.346326418220997,1980,4,"Richland-Kennewick-Pasco, WA",,247
6760,0.139619112014771,1980,8,"Richmond-Petersburg, VA",53,173
6780,0.0515938550233841,1980,7,"Riverside-San Bernadino, CA",,121
6800,-0.0132041573524475,1980,7,"Roanoke, VA",,71
6840,0.171501263976097,1980,8,"Rochester, NY",65,196
6880,0.163691156543791,1980,8,"Rockford, IL",63,193
6920,0.0836900910362601,1980,8,"Sacramento, CA",37,137
6960,0.216268111020327,1980,7,"Saginaw-Bay City-Midland, MI",,222
6980,-0.187207665294409,1980,4,"St. Cloud, MN",,10
7000,0.0864942818880081,1980,4,"St. Joseph, MO",,140
7040,0.167537689208984,1980,8,"St. Louis, MO/IL",64,194
7080,0.113245517015457,1980,4,"Salem, OR",,162
7120,0.0219789296388626,1980,5,"Salinas-Sea Side-Monterey, CA",,95
7140,-0.13877534866333,1980,1,"Salisbury-Concord, NC",,17
7160,0.0429859608411789,1980,8,"Salt Lake City-Ogden, UT",26,112
7240,-0.0601278934627771,1980,8,"San Antonio, TX",8,52
7320,-0.014079637825489,1980,8,"San Diego, CA",11,70
7360,0.209341187321115,1980,8,"San Francisco, CA",78,221
7400,0.247992187738419,1980,8,"San Jose, CA",82,232
7470,-0.125058345496655,1980,6,"Santa Barbara-San Maria-Lompac, CA",,21
7480,0.190969243645668,1980,4,"Santa Cruz, CA",,204
7500,0.0248792767524719,1980,4,"Santa Rosa-Petaluma, CA",,97
7510,-0.00588631629943848,1980,4,Sarasota,,78
7520,-0.0147201493382454,1980,7,"Savannah, GA",,69
7560,-0.122075796127319,1980,8,"Scranton-Wilkes-Barre-Hazleton, PA",4,24
7600,0.198827058076859,1980,8,"Seattle-Everett, WA",71,211
7610,0.169799610972404,1980,4,"Sharon, PA",,195
7620,0.22510139644146,1980,4,"Sheboygan, WI",,226
7680,0.0025864839553833,1980,7,"Shreveport, LA",,84
7720,0.105442926287651,1980,6,"Sioux City, IA/NE",,157
7760,-0.0172296762466431,1980,5,"Sioux Falls, SD",,68
7800,0.0863937959074974,1980,8,"South Bend, IN",38,138
7840,0.162575125694275,1980,8,"Spokane, WA",62,191
7880,-0.0129812387749553,1980,6,"Springfield, IL",,72
7920,-0.127992570400238,1980,6,"Springfield, MO",,19
80,0.254476383328438,1980,8,"Akron, OH",83,234
8000,-0.0340775102376938,1980,8,"Springfield-Holyoke, MA",10,57
8040,0.235694035887718,1980,4,"Stamford, CT",,230
8050,-0.11082136631012,1980,4,"State College, PA",,31
8120,0.149943254888058,1980,8,"Stockton, CA",56,181
8160,0.121937483549118,1980,8,"Syracuse, NY",44,163
8200,0.0725890696048737,1980,8,"Tacoma, WA",30,128
8240,-0.00119062513113022,1980,3,"Tallahassee, FL",,82
8280,-0.0784082058817148,1980,8,"Tampa-St. Petersburg-Clearwater, FL",6,42
8320,0.0866023488342762,1980,6,"Terre Haute, IN",,141
8400,0.226647002040409,1980,7,"Toledo, OH/MI",,227
8440,0.0453779548406601,1980,6,"Topeka, KS",,116
8480,0.126130700111389,1980,8,"Trenton, NJ",47,166
8520,-0.199817627668381,1980,6,"Tucson, AZ",,9
8560,0.134694844484329,1980,8,"Tulsa, OK",49,168
8600,0.044051818549633,1980,5,"Tuscaloosa, AL",,113
8640,0.192203676328063,1980,5,"Tyler, TX",,205
8680,-0.147857904434204,1980,8,"Utica-Rome, NY",3,16
870,0.159393459558487,1980,4,"Benton Harbor, MI",,188
8730,0.22323127835989,1980,5,"Ventura-Oxnard, CA",,225
8760,0.137778222560883,1980,4,"Vineland-Millville-Bridgetown, NJ",,171
8780,-0.117218941450119,1980,4,"Visalia-Tulare-Porterville, CA",,26
8800,-0.0556588060874492,1980,7,"Waco, TX",,62
8840,0.241394482553005,1980,8,"Washington DC, MD/VA/WV",81,231
8880,-0.0906187295913696,1980,5,"Waterbury, CT",,40
8920,0.280056864023209,1980,6,"Waterloo-Cedar Falls, IA",,240
8940,-0.0196550786495209,1980,4,"Wausau, WI",,67
8960,0.0407022535800934,1980,6,"West Palm Beach-Boca Raton, FL",,111
9040,0.0286458488553762,1980,8,"Wichita, KS",20,103
9080,-0.0688562169671059,1980,6,"Wichita Falls, TX",,47
9140,-0.000487089157104492,1980,4,"Williamsport, PA",,83
9160,0.185284852981567,1980,7,"Wilmington, DE/NJ/MD",,202
9200,0.0471296310424805,1980,4,"Wilmington, NC",,118
9240,-0.104755640029907,1980,8,"Worcester, MA",5,34
9260,0.0249286293983459,1980,4,"Yakima, WA",,98
9280,0.0402552708983421,1980,8,"York, PA",25,110
9320,0.193466395139694,1980,8,"Youngstown-Warren, OH",68,206
960,-0.127893701195717,1980,7,"Binghamton, NY",,20
"Anderson, IN",-0.00774855352938175,1980,5,"Anderson, IN",,75
"Brockton, MA",0.0202257037162781,1980,3,"Brockton, MA",,92
"Chicago, IL",0.0263300240039825,1980,8,"Chicago, IL",19,100
"Dayton-Springfield, OH",-0.0956331118941307,1980,7,"Dayton-Springfield, OH",,39
"Dubuque, IA",0.075337827205658,1980,4,"Dubuque, IA",,131
"Eugene-Springfield, OR",0.136599269229919,1980,8,"Eugene-Springfield, OR",51,170
"Hamilton-Middleton, OH",0.103656724095345,1980,7,"Hamilton-Middleton, OH",,156
"Lancaster, PA",0.141602125018835,1980,2,"Lancaster, PA",,175
"Little Rock-N. Little Rock, AR",0.304789483547211,1980,5,"Little Rock-N. Little Rock, AR",,244
"Lubbock, TX",0.152983009815216,1980,5,"Lubbock, TX",,183
"Miami-Hialeah, FL",0.00918042659759521,1980,3,"Miami-Hialeah, FL",,87
"Monroe, LA",0.135568097233772,1980,8,"Monroe, LA",50,169
"New York, NY-Northeastern NJ",-0.0506276488304138,1980,7,"New York, NY-Northeastern NJ",,53
"Portland, ME",-0.0687709301710129,1980,8,"Portland, ME",7,48
"Roanoke, VA",0.0887901335954666,1980,6,"Roanoke, VA",,143
"San Angelo, TX",0.124430060386658,1980,8,"San Angelo, TX",46,165
"Seattle-Everett, WA",0.195908933877945,1980,7,"Seattle-Everett, WA",,209
"South Bend-Mishawaka, IN",0.205738723278046,1980,2,"South Bend-Mishawaka, IN",,218
"Toledo, OH/MI",0.208667770028114,1980,8,"Toledo, OH/MI",77,220
"Tuscaloosa, AL",-0.105271209031343,1980,4,"Tuscaloosa, AL",,33
"Waco, TX",0.0972544550895691,1980,5,"Waco, TX",,151
"Wilmington, NC",0.0717453956604004,1980,4,"Wilmington, NC",,127
1000,-0.04296875,1990,8,"Birmingham, AL",18,91
1020,-0.2890625,1990,3,"Bloomington, IN",,11
1040,-0.0322265625,1990,4,"Bloomington-Normal, IL",,98
1080,0.0712890625,1990,4,"Boise City, ID",,167
1120,0.191162109375,1990,8,"Boston, MA",82,226
1140,-0.09765625,1990,2,"Bradenton, FL",,63
1150,0.015625,1990,4,"Bremerton, WA",,136
1160,0.004150390625,1990,8,"Bridgeport, CT",36,127
1200,0.160400390625,1990,7,"Brockton, MA",,217
1240,-0.30322265625,1990,5,"Brownsville-Harlingen, TX",,6
1260,-0.1748046875,1990,3,"Bryan-College Station, TX",,33
1280,0.088134765625,1990,8,"Buffalo, NY",62,181
1300,-0.128173828125,1990,1,"Burlington, NC",,50
1320,0.18218994140625,1990,8,"Canton, OH",81,225
1360,0.220611572265625,1990,6,"Cedar Rapids, IA",,230
1400,-0.302001953125,1990,5,"Champaign-Urbana-Rantoul, IL",,7
1440,-0.1171875,1990,8,"Charleston, SC",10,54
1520,-0.0045166015625,1990,8,"Charlotte-Gaston-Rock Hill, NC/SC",29,117
1560,-0.08203125,1990,7,"Chattanooga, TN/GA",,72
1600,0.08447265625,1990,8,"Chicago, IL",61,178
1620,-0.17919921875,1990,4,"Chico, CA",,31
1640,0.037841796875,1990,8,"Cincinatti-Hamilton, OH/KY/IN",42,144
1660,-0.29986572265625,1990,3,"Clarksville-Hopkinsville, KY/IN",,9
1680,0.103137969970703,1990,8,"Cleveland, OH",66,190
1720,-0.15478515625,1990,5,"Colorado Springs, CO",,38
1740,-0.2333984375,1990,4,"Columbia, MO",,18
1760,-0.224609375,1990,8,"Columbia, SC",5,21
1840,0.00848388671875,1990,8,"Columbus, OH",37,130
1880,-0.14599609375,1990,8,"Corpus Christi, TX",8,43
1920,-0.0502035903930664,1990,8,"Dallas, TX",22,107
1930,0.30517578125,1990,3,"Danbury, CT",,244
1950,-0.119049072265625,1990,4,"Danville, VA",,53
1960,0.089599609375,1990,7,"Davenport-Moline-Rock Island, IA/IL",,182
2000,0.03271484375,1990,8,"Dayton-Sprinfield, OH",41,141
2020,-0.2177734375,1990,4,"Daytona Beach, FL",,22
2030,0.1201171875,1990,3,"Decatur, AL",,200
2040,0.085693359375,1990,7,"Decatur, IL",,179
2080,-0.0563671875,1990,8,"Denver, CO",21,103
2120,0.076904296875,1990,8,"Des Moines, IA",56,171
2160,0.2349853515625,1990,8,"Detroit, MI",86,234
2240,0.162841796875,1990,7,"Duluth-Superior, MN/WI",,218
2290,-0.006591796875,1990,4,"Eau Claire, WI",,115
2310,-0.233642578125,1990,8,"El Paso, TX",3,17
2320,0.00634765625,1990,4,"Elkhart-Goshen, IN",,129
2360,0.0814208984375,1990,8,"Erie, PA",59,175
2400,-0.084228515625,1990,5,"Eugene-Sprinfield, OR",,71
2560,-0.2685546875,1990,4,"Fayetteville, NC",,13
2580,0.0107421875,1990,4,"Fayetteville-Springdale, AR",,132
2640,0.239089965820313,1990,8,"Flint, MI",87,236
2650,0.130661010742188,1990,3,"Florence, AL",,206
2660,-0.152587890625,1990,2,"Florence, SC",,41
2670,-0.033203125,1990,4,"Fort Collin-Loveland, CO",,97
2680,0.0771484375,1990,6,"Fort Lauderdale-Hollywood-Pompano Beach, FL",,172
2700,-0.002685546875,1990,4,Fort Myers-Cape Coral FL,,118
2710,-0.0908203125,1990,3,"Fort Piece, FL",,66
2760,0.1024169921875,1990,8,"Fort Wayne, IN",65,189
280,-0.05712890625,1990,6,"Altoona, PA",,82
2840,-0.1104736328125,1990,8,"Fresno, CA",11,57
2900,-0.199371337890625,1990,4,"Gainesville, FL",,23
2920,0.0966796875,1990,7,"Galveston-Texas City, TX",,186
3000,0.16796875,1990,8,"Grand Rapids, MI",79,221
3060,-0.05133056640625,1990,4,"Greeley, CO",,87
3080,0.2841796875,1990,6,"Green Bay, WI",,243
3120,-0.01678466796875,1990,8,"Greensboro-Winston-Salem-Highpoint, NC",24,109
3160,-0.030517578125,1990,7,"Greenville-Spartanburg-Anderson, SC",,101
3180,-0.037078857421875,1990,4,"Hagerstown, MD",,96
3200,0.222900390625,1990,7,"Hamilton-Middletown, OH",,232
3240,0.149658203125,1990,8,"Harrisburg-Leban-Carlisle, PA",77,213
3280,0.1109619140625,1990,8,"Hartford, CT",69,195
3290,0.0386962890625,1990,4,"Hickory-Morgantown, NC",,145
3350,0.0400390625,1990,3,"Houma, LA",,148
3360,-0.01611328125,1990,8,"Houston, TX",26,111
3400,-0.0777587890625,1990,5,"Huntington-Ashland, WV/KY/OH",,74
3480,0.108207702636719,1990,8,"Indianapolis, IN",68,193
3520,0.0269775390625,1990,7,"Jackson, MI",,140
3560,-0.37451171875,1990,7,"Jackson, MS",,1
3590,-0.078125,1990,8,"Jacksonville, FL",14,73
3600,-0.1611328125,1990,4,"Jacksonville, NC",,35
3610,-0.0544140625,1990,3,"Jamestown-Dunkirk, NY",,105
3620,0.145477294921875,1990,4,"Janesville-Beloit, WI",,211
3660,0.0628662109375,1990,4,"Johnson-Kinsport-Bristol, TN/VA",,164
3680,0.127197265625,1990,8,"Johnstown, PA",74,203
3710,-0.10498046875,1990,4,"Joplin, MO",,60
3720,-0.065673828125,1990,7,"Kalamazoo, MI",,76
3760,0.078369140625,1990,8,"Kansas City, MO/KS",57,173
3800,0.308685302734375,1990,6,"Kenosha, WI",,245
3810,-0.3251953125,1990,4,"Kileen-Temple, TX",,4
3840,-0.04180908203125,1990,8,"Knoxville, TN",19,92
3880,-0.0583203125,1990,4,"Lafayette, LA",,102
3920,0.09033203125,1990,4,"Lafayette, IN",,183
3980,-0.08984375,1990,4,"Lakeland-Winter Haven, FL",,68
4000,0.23974609375,1990,8,"Lancaster, PA",88,237
4040,0.07568359375,1990,8,"Lansing-East Lansing, MI",55,169
4100,-0.365921020507813,1990,3,"Las Cruces, NM",,3
4120,0.0009765625,1990,6,"Las Vegas, NV",,123
4280,-0.01373291015625,1990,5,"Lexington-Fayette, KY",,112
4320,0.075927734375,1990,5,"Lima, OH",,170
4360,-0.039306640625,1990,7,"Lincoln, NE",,93
4400,-0.1943359375,1990,8,"Little Rock-North Little Rock, AR",6,26
4420,-0.155029296875,1990,4,"Longview-Marshall, TX",,37
4440,0.26312255859375,1990,5,"Lorain-Elyria, OH",,239
4480,-0.00048828125,1990,8,"Los Angeles-Long Beach, CA",32,122
450,-0.0927734375,1990,4,"Anniston, AL",,65
4520,-0.007568359375,1990,7,"Louisville, KY/IN",,114
4600,-0.15283203125,1990,6,"Lubbock, TX",,39
4680,0.0400390625,1990,6,"Macon, GA",,148
4720,-0.0048828125,1990,8,"Madison, WI",28,116
4760,0.2431640625,1990,7,"Manchester, NH",,238
4800,0.322906494140625,1990,4,"Mansfield, OH",,247
4880,-0.3671875,1990,4,"McAllen-Edinburg-Mission, TX",,2
4890,-0.14111328125,1990,4,"Medford-Ashland, OR",,48
4900,-0.0654296875,1990,4,"Melbourn-Titusville, FL",,77
4920,-0.15576171875,1990,7,"Memphis, TN/AR/MS",,36
4940,-0.198974609375,1990,3,"Merced, CA",,24
5000,-0.0908203125,1990,8,"Miami, FL",12,66
5040,0.0556774139404297,1990,2,"Midland, TX",,161
5080,0.09893798828125,1990,8,"Milwaukee-Waukesha, WI",64,187
5120,0.130859375,1990,8,"Minneapolis-St. Paul, MN",76,207
5160,-0.152587890625,1990,8,"Mobile, AL",7,41
5170,0.0160167217254639,1990,4,"Modesto, CA",,137
5190,0.2789306640625,1990,3,"Monmouth-Ocean, NJ",,242
5200,-0.18994140625,1990,5,"Monroe, LA",,27
5240,-0.275390625,1990,7,"Montgomery, AL",,12
5280,0.026611328125,1990,6,"Muncie, IN",,139
5350,0.3111572265625,1990,3,"Nashua, NH",,246
5360,0.04510498046875,1990,8,"Nashville, TN",47,156
5400,0.08154296875,1990,5,"New Bedford, MA",,177
5480,0.064453125,1990,8,"New Haven-Meriden, CT",52,165
5520,0.1263427734375,1990,1,"New London-Norwich, CT/RI",,202
5560,-0.256591796875,1990,8,"New Orleans, LA",2,14
5600,0.11474609375,1990,8,"New York, NY",72,198
5720,-0.06982421875,1990,8,"Norfolk-Virginia Beach-Newport News, VA",15,75
5790,-0.14306640625,1990,4,"Ocala, FL",,45
5800,0.1002197265625,1990,5,"Odessa, TX",,188
5880,-0.0625,1990,8,"Oklahoma City, OK",17,80
5910,-0.12109375,1990,4,"Olympia, WA",,51
5920,-0.06353759765625,1990,7,"Omaha, NE/IA",,79
5950,0.267333984375,1990,1,"Orange, NY",,241
5960,-0.1044921875,1990,7,"Orlando, FL",,61
600,-0.04931640625,1990,7,"Augusta-Aiken, GA/SC",,88
6030,-0.15283203125,1990,2,"Pascagoula-Moss Point, MS",,39
6080,-0.18359375,1990,5,"Pensacola, FL",,30
6120,0.09503173828125,1990,8,"Peoria, IL",63,185
6160,0.1134033203125,1990,8,"Philadelphia, PA/NJ",71,197
6200,-0.01953125,1990,8,"Phoenix-Mesa, AZ",23,108
6280,0.0595817565917969,1990,8,"Pittsburgh, PA",50,162
6440,-0.0322265625,1990,8,"Portland-Vancouver, OR/WA",20,98
6480,0.042724609375,1990,8,"Providence, RI",45,153
6520,-0.23388671875,1990,5,"Provo-Orem, UT",,16
6560,-0.1875,1990,7,"Pueblo, CO",,28
6600,0.110107421875,1990,7,"Racine, WI",,194
6640,-0.1412353515625,1990,7,"Raleigh-Durham, NC",,47
6680,0.229248046875,1990,8,"Reading, PA",85,233
6690,-0.039306640625,1990,4,"Redding, CA",,93
6720,-0.0556640625,1990,5,"Reno, NV",,84
6740,0.15771484375,1990,4,"Richland-Kennewick-Pasco, WA",,216
6760,0.01123046875,1990,8,"Richmond-Petersburg, VA",39,133
6780,0.1396484375,1990,7,"Riverside-San Bernadino, CA",,210
6800,-0.103515625,1990,7,"Roanoke, VA",,62
6820,0.1661376953125,1990,3,"Rochester, MN",,220
6840,0.166015625,1990,8,"Rochester, NY",78,219
6880,0.218505859375,1990,8,"Rockford, IL",83,229
6920,-0.0087890625,1990,8,"Sacramento, CA",27,113
6960,0.208740234375,1990,7,"Saginaw-Bay City-Midland, MI",,228
6980,0.1549072265625,1990,4,"St. Cloud, MN",,215
7040,0.060791015625,1990,8,"St. Louis, MO/IL",51,163
7080,-0.1083984375,1990,4,"Salem, OR",,58
7120,-0.142578125,1990,5,"Salinas-Sea Side-Monterey, CA",,46
7160,0.0025634765625,1990,8,"Salt Lake City-Ogden, UT",33,124
7240,-0.31005859375,1990,8,"San Antonio, TX",1,5
7320,-0.0166015625,1990,8,"San Diego, CA",25,110
7360,-0.00091552734375,1990,8,"San Francisco, CA",30,119
7400,0.0390625,1990,8,"San Jose, CA",43,146
7470,0.03564453125,1990,6,"Santa Barbara-San Maria-Lompac, CA",,142
7480,-0.04931640625,1990,4,"Santa Cruz, CA",,88
7490,-0.13671875,1990,3,"Santa Fe, NM",,49
7500,0.133544921875,1990,4,"Santa Rosa-Petaluma, CA",,209
7510,-0.056396484375,1990,4,Sarasota,,83
7520,-0.0537109375,1990,7,"Savannah, GA",,85
7560,0.00927734375,1990,8,"Scranton-Wilkes-Barre-Hazleton, PA",38,131
7600,0.071533203125,1990,8,"Seattle-Everett, WA",54,168
7610,0.1199951171875,1990,4,"Sharon, PA",,199
7620,0.0390625,1990,4,"Sheboygan, WI",,146
7680,-0.1962890625,1990,7,"Shreveport, LA",,25
7800,0.054443359375,1990,8,"South Bend, IN",49,160
7840,-0.119140625,1990,8,"Spokane, WA",9,52
7880,-0.0595703125,1990,6,"Springfield, IL",,81
7920,-0.093994140625,1990,6,"Springfield, MO",,64
80,0.08148193359375,1990,8,"Akron, OH",60,176
8000,0.07958984375,1990,8,"Springfield-Holyoke, MA",58,174
8040,0.12841796875,1990,4,"Stamford, CT",,204
8050,-0.30126953125,1990,4,"State College, PA",,8
8120,0.003662109375,1990,8,"Stockton, CA",34,125
8160,0.123710632324219,1990,8,"Syracuse, NY",73,201
8200,-0.064453125,1990,8,"Tacoma, WA",16,78
8280,-0.0849609375,1990,8,"Tampa-St. Petersburg-Clearwater, FL",13,70
8320,-0.046875,1990,6,"Terre Haute, IN",,90
8400,0.13092041015625,1990,7,"Toledo, OH/MI",,208
8480,0.0672760009765625,1990,8,"Trenton, NJ",53,166
8520,-0.1171875,1990,6,"Tucson, AZ",,54
8560,0.043701171875,1990,8,"Tulsa, OK",46,155
8600,-0.16943359375,1990,5,"Tuscaloosa, AL",,34
8640,-0.22802734375,1990,5,"Tyler, TX",,19
8680,0.053955078125,1990,8,"Utica-Rome, NY",48,159
870,-0.031005859375,1990,4,"Benton Harbor, MI",,100
8730,0.174560546875,1990,5,"Ventura-Oxnard, CA",,222
8760,0.0496826171875,1990,4,"Vineland-Millville-Bridgetown, NJ",,157
8780,-0.088623046875,1990,4,"Visalia-Tulare-Porterville, CA",,69
8800,-0.235107421875,1990,7,"Waco, TX",,15
8840,0.013427734375,1990,8,"Washington DC, MD/VA/WV",40,135
8880,-0.055390625,1990,5,"Waterbury, CT",,104
8920,0.0936279296875,1990,6,"Waterloo-Cedar Falls, IA",,184
8940,0.203369140625,1990,4,"Wausau, WI",,227
8960,0.041259765625,1990,6,"West Palm Beach-Boca Raton, FL",,151
9040,-0.00067138671875,1990,8,"Wichita, KS",31,121
9080,-0.18603515625,1990,6,"Wichita Falls, TX",,29
9140,0.0429496765136719,1990,4,"Williamsport, PA",,154
9160,0.148681640625,1990,7,"Wilmington, DE/NJ/MD",,212
9200,0.05322265625,1990,4,"Wilmington, NC",,158
9240,0.220794677734375,1990,8,"Worcester, MA",84,231
9260,-0.143829345703125,1990,4,"Yakima, WA",,44
9280,0.265380859375,1990,8,"York, PA",89,240
9320,0.177734375,1990,8,"Youngstown-Warren, OH",80,223
9340,-0.052734375,1990,3,"Yuba City, CA",,86
9360,0.0869140625,1990,3,"Yuma, AZ",,180
960,0.103271484375,1990,7,"Binghamton, NY",,191
"Anderson, IN",-0.29010009765625,1990,5,"Anderson, IN",,10
"Chicago, IL",0.10418701171875,1990,8,"Chicago, IL",67,192
"Dayton-Springfield, OH",-0.177734375,1990,7,"Dayton-Springfield, OH",,32
"Dubuque, IA",-0.039306640625,1990,4,"Dubuque, IA",,93
"Eugene-Springfield, OR",0.12957763671875,1990,8,"Eugene-Springfield, OR",75,205
"Hamilton-Middleton, OH",-0.052216796875,1990,7,"Hamilton-Middleton, OH",,106
"Lancaster, PA",0.1531982421875,1990,2,"Lancaster, PA",,214
"Little Rock-N. Little Rock, AR",0.041015625,1990,5,"Little Rock-N. Little Rock, AR",,150
"Lubbock, TX",0.235107421875,1990,5,"Lubbock, TX",,235
"Mansfield, OH",-0.1070556640625,1990,5,"Mansfield, OH",,59
"Monroe, LA",0.00390625,1990,8,"Monroe, LA",35,126
"New York, NY-Northeastern NJ",0.0125350952148438,1990,7,"New York, NY-Northeastern NJ",,134
"Portland, ME",-0.22723388671875,1990,8,"Portland, ME",4,20
"Roanoke, VA",0.004150390625,1990,6,"Roanoke, VA",,127
"San Angelo, TX",0.0419921875,1990,8,"San Angelo, TX",44,152
"Seattle-Everett, WA",-0.000732421875,1990,7,"Seattle-Everett, WA",,120
"South Bend-Mishawaka, IN",0.1787109375,1990,2,"South Bend-Mishawaka, IN",,224
"Toledo, OH/MI",0.112060546875,1990,8,"Toledo, OH/MI",70,196
"Tuscaloosa, AL",0.0361328125,1990,4,"Tuscaloosa, AL",,143
"Waco, TX",0.02587890625,1990,5,"Waco, TX",,138
"Wilmington, NC",-0.1142578125,1990,4,"Wilmington, NC",,56
1000,0.40380859375,2000,8,"Birmingham, AL",73,245
1020,-0.0889892578125,2000,3,"Bloomington, IN",,34
1040,0.0623931884765625,2000,4,"Bloomington-Normal, IL",,107
1080,0.0604248046875,2000,4,"Boise City, ID",,105
1120,0.301025390625,2000,8,"Boston, MA",59,213
1150,0.170036315917969,2000,4,"Bremerton, WA",,156
1160,0.377197265625,2000,8,"Bridgeport, CT",70,240
1200,0.2132568359375,2000,7,"Brockton, MA",,184
1240,-0.063720703125,2000,5,"Brownsville-Harlingen, TX",,43
1260,0.055908203125,2000,3,"Bryan-College Station, TX",,100
1280,0.111663818359375,2000,8,"Buffalo, NY",32,128
1320,0.0201416015625,2000,8,"Canton, OH",14,83
1360,-0.1187744140625,2000,6,"Cedar Rapids, IA",,25
1400,-0.032958984375,2000,5,"Champaign-Urbana-Rantoul, IL",,59
1440,0.31884765625,2000,8,"Charleston, SC",62,223
1520,0.25537109375,2000,8,"Charlotte-Gaston-Rock Hill, NC/SC",55,196
1540,0.0919189453125,2000,3,"Charlottesville, VA",,118
1560,0.0966796875,2000,7,"Chattanooga, TN/GA",,119
1600,0.48779296875,2000,8,"Chicago, IL",78,262
1620,0.1507568359375,2000,4,"Chico, CA",,147
1640,0.1044921875,2000,8,"Cincinatti-Hamilton, OH/KY/IN",29,124
1660,-0.0517578125,2000,3,"Clarksville-Hopkinsville, KY/IN",,49
1680,0.2135009765625,2000,8,"Cleveland, OH",50,185
1720,0.14501953125,2000,5,"Colorado Springs, CO",,144
1740,-0.2900390625,2000,4,"Columbia, MO",,3
1760,0.28369140625,2000,8,"Columbia, SC",56,203
1800,0.4072265625,2000,6,"Columbus, GA/AL",,246
1840,0.177734375,2000,8,"Columbus, OH",44,162
1880,0.34375,2000,8,"Corpus Christi, TX",66,232
1920,0.4404296875,2000,8,"Dallas, TX",76,254
1930,0.470748901367188,2000,3,"Danbury, CT",,259
1950,0.3466796875,2000,4,"Danville, VA",,236
1960,0.032318115234375,2000,7,"Davenport-Moline-Rock Island, IA/IL",,88
2000,0.0816650390625,2000,8,"Dayton-Sprinfield, OH",24,114
2020,-0.0103111267089844,2000,4,"Daytona Beach, FL",,65
2030,0.261749267578125,2000,3,"Decatur, AL",,198
2040,0.2325439453125,2000,7,"Decatur, IL",,192
2080,0.302001953125,2000,8,"Denver, CO",60,215
2120,-0.05313232421875,2000,8,"Des Moines, IA",7,62
2160,0.492919921875,2000,8,"Detroit, MI",79,263
2180,0.346435546875,2000,2,"Dothan, AL",,235
2190,0.181640625,2000,2,"Dover, DE",,165
2240,-0.15771484375,2000,7,"Duluth-Superior, MN/WI",,15
2280,0.3016357421875,2000,2,2280,,214
2290,-0.05517578125,2000,4,"Eau Claire, WI",,48
2310,0.033935546875,2000,8,"El Paso, TX",16,90
2320,0.193450927734375,2000,4,"Elkhart-Goshen, IN",,174
2360,-0.0810546875,2000,8,"Erie, PA",4,37
2400,-0.1527099609375,2000,5,"Eugene-Sprinfield, OR",,16
2440,-0.0155029296875,2000,6,"Evansville, IN/KY",,63
2520,-0.055908203125,2000,3,"Fargo-Moorhead, ND/MN",,47
2560,0.40234375,2000,4,"Fayetteville, NC",,244
2580,-0.000152587890625,2000,4,"Fayetteville-Springdale, AR",,70
2600,0.2099609375,2000,2,"Fitchburg-Leominster, MA",,180
2620,0.080810546875,2000,2,"Flagstaff, AZ-UT",,112
2640,0.55908203125,2000,8,"Flint, MI",83,272
2650,-0.0989990234375,2000,3,"Florence, AL",,30
2670,-0.1025390625,2000,4,"Fort Collin-Loveland, CO",,28
2680,0.30078125,2000,6,"Fort Lauderdale-Hollywood-Pompano Beach, FL",,212
2700,0.0493011474609375,2000,4,Fort Myers-Cape Coral FL,,96
2710,0.055908203125,2000,3,"Fort Piece, FL",,100
2720,0.1075439453125,2000,2,"Fort Smith, AR/OK",,126
2750,-0.06024169921875,2000,3,"Fort Walton Beach, FL",,45
2760,0.07830810546875,2000,8,"Fort Wayne, IN",22,111
280,-0.4658203125,2000,6,"Altoona, PA",,1
2840,0.48095703125,2000,8,"Fresno, CA",77,260
2880,-0.05084228515625,2000,4,"Gadsden, AL",,50
2900,-0.055634765625,2000,4,"Gainesville, FL",,61
2920,0.34375,2000,7,"Galveston-Texas City, TX",,232
2970,-0.126220703125,2000,3,"Glens Falls, NY",,23
2980,0.443359375,2000,2,"Goldsboro, NC",,255
3000,0.1837158203125,2000,8,"Grand Rapids, MI",48,170
3010,-0.1766357421875,2000,2,3010,,11
3060,0.0587158203125,2000,4,"Greeley, CO",,104
3080,-0.1358642578125,2000,6,"Green Bay, WI",,20
3120,0.173828125,2000,8,"Greensboro-Winston-Salem-Highpoint, NC",42,159
3150,0.32421875,2000,2,"Greenville, NC",,224
3160,0.2265625,2000,7,"Greenville-Spartanburg-Anderson, SC",,190
3180,-0.0992431640625,2000,4,"Hagerstown, MD",,29
3200,0.09759521484375,2000,7,"Hamilton-Middletown, OH",,121
3240,0.02728271484375,2000,8,"Harrisburg-Leban-Carlisle, PA",15,84
3280,0.361572265625,2000,8,"Hartford, CT",69,239
3290,0.0322723388671875,2000,4,"Hickory-Morgantown, NC",,87
3300,0.14794921875,2000,2,3300,,145
3350,0.5126953125,2000,3,"Houma, LA",,265
3360,0.54931640625,2000,8,"Houston, TX",82,270
3440,0.3095703125,2000,3,"Huntsville, AL",,219
3480,0.1705322265625,2000,8,"Indianapolis, IN",41,157
3500,-0.0888671875,2000,2,"Iowa City, IA",,35
3520,0.056396484375,2000,7,"Jackson, MI",,102
3560,0.44775390625,2000,7,"Jackson, MS",,257
3580,0.41455078125,2000,2,"Jackson, TN",,248
3590,0.16455078125,2000,8,"Jacksonville, FL",38,151
3600,0.02783203125,2000,4,"Jacksonville, NC",,85
3610,-0.2275390625,2000,3,"Jamestown-Dunkirk, NY",,7
3620,0.0111083984375,2000,4,"Janesville-Beloit, WI",,77
3660,-0.1708984375,2000,4,"Johnson-Kinsport-Bristol, TN/VA",,13
3680,-0.220458984375,2000,8,"Johnstown, PA",1,8
3710,-0.1231689453125,2000,4,"Joplin, MO",,24
3720,0.178787231445313,2000,7,"Kalamazoo, MI",,164
3740,0.17071533203125,2000,3,"Kankakee, IL",,158
3760,0.166748046875,2000,8,"Kansas City, MO/KS",39,153
3800,0.077392578125,2000,6,"Kenosha, WI",,110
3810,0.3076171875,2000,4,"Kileen-Temple, TX",,217
3840,-0.064697265625,2000,8,"Knoxville, TN",5,42
3850,0.083740234375,2000,3,"Kokomo, IN",,115
3870,-0.09521484375,2000,2,"La Crosse, WI",,32
3880,0.310546875,2000,4,"Lafayette, LA",,220
3920,0.13238525390625,2000,4,"Lafayette, IN",,136
3960,0.297607421875,2000,4,"Lake Charles, LA",,210
3980,0.1376953125,2000,4,"Lakeland-Winter Haven, FL",,140
4000,-0.0416259765625,2000,8,"Lancaster, PA",6,52
4040,0.073150634765625,2000,8,"Lansing-East Lansing, MI",21,109
4080,-0.0020751953125,2000,3,"Laredo, TX",,68
4100,0.21142578125,2000,3,"Las Cruces, NM",,181
4120,0.4111328125,2000,6,"Las Vegas, NV",,247
4280,0.13134765625,2000,5,"Lexington-Fayette, KY",,135
4320,0.05328369140625,2000,5,"Lima, OH",,98
4360,-0.08428955078125,2000,7,"Lincoln, NE",,36
4400,0.16845703125,2000,8,"Little Rock-North Little Rock, AR",40,155
4420,-0.146240234375,2000,4,"Longview-Marshall, TX",,17
4480,0.6767578125,2000,8,"Los Angeles-Long Beach, CA",87,279
450,-0.0718994140625,2000,4,"Anniston, AL",,41
4520,0.06060791015625,2000,7,"Louisville, KY/IN",,106
4600,0.143798828125,2000,6,"Lubbock, TX",,143
4640,0.0872802734375,2000,4,"Lynchburg, VA",,116
4680,0.427734375,2000,6,"Macon, GA",,251
4720,-0.005126953125,2000,8,"Madison, WI",8,67
4760,-0.0615234375,2000,7,"Manchester, NH",,44
4800,0.167236328125,2000,4,"Mansfield, OH",,154
4880,-0.033447265625,2000,4,"McAllen-Edinburg-Mission, TX",,58
4890,0.00537109375,2000,4,"Medford-Ashland, OR",,73
4900,0.016082763671875,2000,4,"Melbourn-Titusville, FL",,80
4920,0.56396484375,2000,7,"Memphis, TN/AR/MS",,273
4940,0.66064453125,2000,3,"Merced, CA",,278
5000,0.18212890625,2000,8,"Miami, FL",45,166
5080,0.24639892578125,2000,8,"Milwaukee-Waukesha, WI",54,193
5120,0.182830810546875,2000,8,"Minneapolis-St. Paul, MN",46,167
5160,0.208740234375,2000,8,"Mobile, AL",49,179
5170,0.443359375,2000,4,"Modesto, CA",,255
5190,0.3028564453125,2000,3,"Monmouth-Ocean, NJ",,216
5200,0.041259765625,2000,5,"Monroe, LA",,94
5240,0.20849609375,2000,7,"Montgomery, AL",,178
5280,0.0020751953125,2000,6,"Muncie, IN",,71
5330,-0.2003173828125,2000,2,"Myrtle Beach, SC",,9
5340,0.48663330078125,2000,2,"Naples, FL",,261
5350,0.1434326171875,2000,3,"Nashua, NH",,142
5360,0.22216796875,2000,8,"Nashville, TN",53,189
5400,0.00494384765625,2000,5,"New Bedford, MA",,72
5480,0.29931640625,2000,8,"New Haven-Meriden, CT",58,211
5560,0.33935546875,2000,8,"New Orleans, LA",65,230
5600,0.58984375,2000,8,"New York, NY",85,276
5660,0.338134765625,2000,3,"Newburgh, NY",,229
5720,0.33642578125,2000,8,"Norfolk-Virginia Beach-Newport News, VA",63,226
5790,0.0313720703125,2000,4,"Ocala, FL",,86
5800,0.2568359375,2000,5,"Odessa, TX",,197
5880,0.10205078125,2000,8,"Oklahoma City, OK",28,123
5910,-0.01031494140625,2000,4,"Olympia, WA",,64
5920,0.187042236328125,2000,7,"Omaha, NE/IA",,172
5960,0.178466796875,2000,7,"Orlando, FL",,163
600,0.31689453125,2000,7,"Augusta-Aiken, GA/SC",,222
6010,-0.0336151123046875,2000,2,"Panama City, FL",,57
6080,0.127197265625,2000,5,"Pensacola, FL",,131
6120,0.05706787109375,2000,8,"Peoria, IL",20,103
6160,0.354736328125,2000,8,"Philadelphia, PA/NJ",68,238
6200,0.293212890625,2000,8,"Phoenix-Mesa, AZ",57,207
6280,0.01641845703125,2000,8,"Pittsburgh, PA",13,81
6400,-0.072998046875,2000,6,"Portland, ME",,39
6440,0.17730712890625,2000,8,"Portland-Vancouver, OR/WA",43,161
6480,0.133018493652344,2000,8,"Providence, RI",35,137
6520,-0.077880859375,2000,5,"Provo-Orem, UT",,38
6560,0.205322265625,2000,7,"Pueblo, CO",,177
6580,-0.1810302734375,2000,2,"Punta Gorda, FL",,10
6600,0.163421630859375,2000,7,"Racine, WI",,150
6640,0.3369140625,2000,7,"Raleigh-Durham, NC",,228
6680,0.01568603515625,2000,8,"Reading, PA",12,79
6690,0.01800537109375,2000,4,"Redding, CA",,82
6720,0.21142578125,2000,5,"Reno, NV",,181
6740,0.20416259765625,2000,4,"Richland-Kennewick-Pasco, WA",,176
6760,0.41845703125,2000,8,"Richmond-Petersburg, VA",74,249
6780,0.544921875,2000,7,"Riverside-San Bernadino, CA",,269
6800,-0.043182373046875,2000,7,"Roanoke, VA",,51
6820,-0.040283203125,2000,3,"Rochester, MN",,53
6840,0.0990447998046875,2000,8,"Rochester, NY",27,122
6880,0.120498657226563,2000,8,"Rockford, IL",33,130
6890,0.3291015625,2000,2,6890,,225
6920,0.31591796875,2000,8,"Sacramento, CA",61,221
6960,0.153701782226563,2000,7,"Saginaw-Bay City-Midland, MI",,148
6980,-0.058564453125,2000,4,"St. Cloud, MN",,60
7000,-0.1380615234375,2000,4,"St. Joseph, MO",,19
7040,0.2186279296875,2000,8,"St. Louis, MO/IL",52,188
7080,0.03564453125,2000,4,"Salem, OR",,92
7120,0.4365234375,2000,5,"Salinas-Sea Side-Monterey, CA",,252
7160,0.110710144042969,2000,8,"Salt Lake City-Ogden, UT",31,127
7240,0.18359375,2000,8,"San Antonio, TX",47,169
7320,0.39697265625,2000,8,"San Diego, CA",71,242
7360,0.6962890625,2000,8,"San Francisco, CA",88,280
7400,0.8642578125,2000,8,"San Jose, CA",89,281
7460,0.1297607421875,2000,2,"San Luis Obispo-Atascadero-Paso Robles, CA",,134
7470,0.423095703125,2000,6,"Santa Barbara-San Maria-Lompac, CA",,250
7480,0.296875,2000,4,"Santa Cruz, CA",,209
7490,0.114501953125,2000,3,"Santa Fe, NM",,129
7500,0.2125244140625,2000,4,"Santa Rosa-Petaluma, CA",,183
7510,0.053070068359375,2000,4,Sarasota,,97
7520,0.5576171875,2000,7,"Savannah, GA",,271
7560,-0.096435546875,2000,8,"Scranton-Wilkes-Barre-Hazleton, PA",3,31
7600,0.33642578125,2000,8,"Seattle-Everett, WA",63,226
7610,-0.166748046875,2000,4,"Sharon, PA",,14
7620,-0.072509765625,2000,4,"Sheboygan, WI",,40
7680,0.27978515625,2000,7,"Shreveport, LA",,201
7720,-0.058380126953125,2000,6,"Sioux City, IA/NE",,46
7760,-0.094970703125,2000,5,"Sioux Falls, SD",,33
7800,0.08148193359375,2000,8,"South Bend, IN",23,113
7840,0.0067138671875,2000,8,"Spokane, WA",9,74
7880,0.00701904296875,2000,6,"Springfield, IL",,75
7920,-0.1107177734375,2000,6,"Springfield, MO",,27
80,0.0357666015625,2000,8,"Akron, OH",18,93
8000,0.1290283203125,2000,8,"Springfield-Holyoke, MA",34,133
8040,0.5780029296875,2000,4,"Stamford, CT",,275
8050,-0.2646484375,2000,4,"State College, PA",,4
8120,0.564453125,2000,8,"Stockton, CA",84,274
8140,0.5126953125,2000,2,"Sumter, SC",,265
8160,0.01275634765625,2000,8,"Syracuse, NY",11,78
8200,0.2176513671875,2000,8,"Tacoma, WA",51,187
8240,0.1865234375,2000,3,"Tallahassee, FL",,171
8280,0.0892333984375,2000,8,"Tampa-St. Petersburg-Clearwater, FL",25,117
8320,-0.0355224609375,2000,6,"Terre Haute, IN",,56
8400,0.13336181640625,2000,7,"Toledo, OH/MI",,138
8440,0.05517578125,2000,6,"Topeka, KS",,99
8480,0.50439453125,2000,8,"Trenton, NJ",80,264
8520,0.134765625,2000,6,"Tucson, AZ",,139
8560,0.097412109375,2000,8,"Tulsa, OK",26,120
8600,0.247314453125,2000,5,"Tuscaloosa, AL",,194
8640,0.148681640625,2000,5,"Tyler, TX",,146
8680,-0.1337890625,2000,8,"Utica-Rome, NY",2,21
870,-0.0020751953125,2000,4,"Benton Harbor, MI",,68
8730,0.53515625,2000,5,"Ventura-Oxnard, CA",,268
8760,0.34033203125,2000,4,"Vineland-Millville-Bridgetown, NJ",,231
8780,0.29150390625,2000,4,"Visalia-Tulare-Porterville, CA",,206
8800,0.228759765625,2000,7,"Waco, TX",,191
8840,0.626953125,2000,8,"Washington DC, MD/VA/WV",86,277
8880,0.19140625,2000,5,"Waterbury, CT",,173
8920,-0.145751953125,2000,6,"Waterloo-Cedar Falls, IA",,18
8940,-0.037109375,2000,4,"Wausau, WI",,54
8960,0.29443359375,2000,6,"West Palm Beach-Boca Raton, FL",,208
9040,0.13861083984375,2000,8,"Wichita, KS",36,141
9080,-0.126708984375,2000,6,"Wichita Falls, TX",,22
9140,-0.0360107421875,2000,4,"Williamsport, PA",,55
9160,0.308349609375,2000,7,"Wilmington, DE/NJ/MD",,218
9200,0.0333251953125,2000,4,"Wilmington, NC",,89
9240,0.1602783203125,2000,8,"Worcester, MA",37,149
9260,0.12744140625,2000,4,"Yakima, WA",,132
9270,0.21435546875,2000,2,"Yolo, CA",,186
9280,0.0355224609375,2000,8,"York, PA",17,91
9320,0.10552978515625,2000,8,"Youngstown-Warren, OH",30,125
9340,0.166015625,2000,3,"Yuba City, CA",,152
9360,0.2880859375,2000,3,"Yuma, AZ",,204
960,-0.118408203125,2000,7,"Binghamton, NY",,26
"Anderson, IN",-0.24658203125,2000,5,"Anderson, IN",,6
"Brockton, MA",0.2802734375,2000,3,"Brockton, MA",,202
"Chicago, IL",0.04412841796875,2000,8,"Chicago, IL",19,95
"Dayton-Springfield, OH",0.38720703125,2000,7,"Dayton-Springfield, OH",,241
"Dubuque, IA",0.17431640625,2000,4,"Dubuque, IA",,160
"Eugene-Springfield, OR",0.0084228515625,2000,8,"Eugene-Springfield, OR",10,76
"Hamilton-Middleton, OH",0.249755859375,2000,7,"Hamilton-Middleton, OH",,195
"Little Rock-N. Little Rock, AR",0.183349609375,2000,5,"Little Rock-N. Little Rock, AR",,168
"Lubbock, TX",0.068115234375,2000,5,"Lubbock, TX",,108
"Mansfield, OH",-0.1729736328125,2000,5,"Mansfield, OH",,12
"Miami-Hialeah, FL",0.2041015625,2000,3,"Miami-Hialeah, FL",,175
"Monroe, LA",0.51513671875,2000,8,"Monroe, LA",81,267
"New York, NY-Northeastern NJ",0.27099609375,2000,7,"New York, NY-Northeastern NJ",,200
"Odessa, TX",0.34423828125,2000,2,"Odessa, TX",,234
"Portland, ME",0.353759765625,2000,8,"Portland, ME",67,237
"Roanoke, VA",0.4560546875,2000,6,"Roanoke, VA",,258
"San Angelo, TX",0.4384765625,2000,8,"San Angelo, TX",75,253
"San Jose, CA",-0.0068359375,2000,2,"San Jose, CA",,66
"Seattle-Everett, WA",0.2666015625,2000,7,"Seattle-Everett, WA",,199
"Toledo, OH/MI",0.4013671875,2000,8,"Toledo, OH/MI",72,243
"Tuscaloosa, AL",-0.292266845703125,2000,4,"Tuscaloosa, AL",,2
"Waco, TX",-0.2611083984375,2000,5,"Waco, TX",,5
"Wilmington, NC",0.2890625,2000,4,"Wilmington, NC",,205
1000,-0.0904312133789062,2010,8,"Birmingham, AL",16,65
1020,-0.428131103515625,2010,3,"Bloomington, IN",,13
1040,0.16668701171875,2010,4,"Bloomington-Normal, IL",,172
1080,-0.28814697265625,2010,4,"Boise City, ID",,24
1120,0.199272155761719,2010,8,"Boston, MA",62,181
1150,0.321548461914063,2010,4,"Bremerton, WA",,237
1160,-0.120147705078125,2010,8,"Bridgeport, CT",11,55
1200,0.211444854736328,2010,7,"Brockton, MA",,188
1240,-0.30902099609375,2010,5,"Brownsville-Harlingen, TX",,21
1260,-0.058013916015625,2010,3,"Bryan-College Station, TX",,72
1280,-0.118473052978516,2010,8,"Buffalo, NY",12,57
1320,-0.0765533447265625,2010,8,"Canton, OH",17,66
1360,0.144454956054688,2010,6,"Cedar Rapids, IA",,164
1400,0.119720458984375,2010,5,"Champaign-Urbana-Rantoul, IL",,150
1440,0.480682373046875,2010,8,"Charleston, SC",88,260
1520,0.0342254638671875,2010,8,"Charlotte-Gaston-Rock Hill, NC/SC",31,111
1540,0.70953369140625,2010,3,"Charlottesville, VA",,277
1560,-0.281417846679688,2010,7,"Chattanooga, TN/GA",,25
1600,0.241828918457031,2010,8,"Chicago, IL",73,202
1620,0.2108154296875,2010,4,"Chico, CA",,187
1640,0.129363059997559,2010,8,"Cincinatti-Hamilton, OH/KY/IN",52,157
1660,-0.310287475585938,2010,3,"Clarksville-Hopkinsville, KY/IN",,20
1680,0.135296821594238,2010,8,"Cleveland, OH",53,160
1720,-0.00265884399414063,2010,5,"Colorado Springs, CO",,96
1740,0.16021728515625,2010,4,"Columbia, MO",,170
1760,0.241912841796875,2010,8,"Columbia, SC",74,203
1800,0.489089965820313,2010,6,"Columbus, GA/AL",,264
1840,-0.209053039550781,2010,8,"Columbus, OH",3,32
1880,0.4559326171875,2010,8,"Corpus Christi, TX",87,257
1920,0.0925979614257812,2010,8,"Dallas, TX",41,135
1930,0.397506713867188,2010,3,"Danbury, CT",,248
1950,0.249298095703125,2010,4,"Danville, VA",,207
1960,-0.115345001220703,2010,7,"Davenport-Moline-Rock Island, IA/IL",,58
2000,0.0753021240234375,2010,8,"Dayton-Sprinfield, OH",38,129
2020,0.243759155273438,2010,4,"Daytona Beach, FL",,204
2030,0.0349578857421875,2010,3,"Decatur, AL",,112
2040,-0.65093994140625,2010,7,"Decatur, IL",,4
2080,-0.0037384033203125,2010,8,"Denver, CO",27,95
2120,-0.058074951171875,2010,8,"Des Moines, IA",18,71
2160,-0.123443603515625,2010,8,"Detroit, MI",9,53
2180,0.235260009765625,2010,2,"Dothan, AL",,197
2190,0.223587036132813,2010,2,"Dover, DE",,192
2240,0.146251678466797,2010,7,"Duluth-Superior, MN/WI",,165
2280,0.31705379486084,2010,2,2280,,236
2290,-0.110557556152344,2010,4,"Eau Claire, WI",,59
2310,-0.180328369140625,2010,8,"El Paso, TX",4,33
2320,-0.332138061523438,2010,4,"Elkhart-Goshen, IN",,19
2360,-0.455154418945313,2010,8,"Erie, PA",1,11
2400,-0.251434326171875,2010,5,"Eugene-Sprinfield, OR",,31
2440,0.264541625976563,2010,6,"Evansville, IN/KY",,215
2520,0.183479309082031,2010,3,"Fargo-Moorhead, ND/MN",,177
2560,0.120208740234375,2010,4,"Fayetteville, NC",,152
2580,-0.0646286010742188,2010,4,"Fayetteville-Springdale, AR",,69
2600,-0.40325927734375,2010,2,"Fitchburg-Leominster, MA",,14
2620,-0.362396240234375,2010,2,"Flagstaff, AZ-UT",,18
2640,-0.0358734130859375,2010,8,"Flint, MI",21,83
2650,0.36676025390625,2010,3,"Florence, AL",,243
2670,0.34039306640625,2010,4,"Fort Collin-Loveland, CO",,240
2680,-0.12713623046875,2010,6,"Fort Lauderdale-Hollywood-Pompano Beach, FL",,52
2700,-0.37017822265625,2010,4,Fort Myers-Cape Coral FL,,17
2710,-0.038818359375,2010,3,"Fort Piece, FL",,81
2720,0.0931282043457031,2010,2,"Fort Smith, AR/OK",,137
2750,0.424530029296875,2010,3,"Fort Walton Beach, FL",,253
2760,0.306999206542969,2010,8,"Fort Wayne, IN",84,233
280,0.31451416015625,2010,6,"Altoona, PA",,235
2840,-0.0423965454101563,2010,8,"Fresno, CA",20,80
2880,-0.132969856262207,2010,4,"Gadsden, AL",,50
2900,-0.157625198364258,2010,4,"Gainesville, FL",,41
2920,0.529556274414063,2010,7,"Galveston-Texas City, TX",,268
2970,-0.5623779296875,2010,3,"Glens Falls, NY",,7
2980,0.249343872070313,2010,2,"Goldsboro, NC",,209
3000,-0.263603210449219,2010,8,"Grand Rapids, MI",2,28
3010,0.00690460205078125,2010,2,3010,,99
3060,0.10678768157959,2010,4,"Greeley, CO",,142
3080,0.359092712402344,2010,6,"Green Bay, WI",,241
3120,0.052093505859375,2010,8,"Greensboro-Winston-Salem-Highpoint, NC",32,117
3150,-0.135894775390625,2010,2,"Greenville, NC",,48
3160,-0.0472412109375,2010,7,"Greenville-Spartanburg-Anderson, SC",,79
3180,0.11993408203125,2010,4,"Hagerstown, MD",,151
3200,0.431243896484375,2010,7,"Hamilton-Middletown, OH",,254
3240,-0.094207763671875,2010,8,"Harrisburg-Leban-Carlisle, PA",15,63
3280,0.208198547363281,2010,8,"Hartford, CT",64,184
3290,-0.255722045898438,2010,4,"Hickory-Morgantown, NC",,29
3300,-0.05694580078125,2010,2,3300,,74
3350,0.290618896484375,2010,3,"Houma, LA",,228
3360,0.227845907211304,2010,8,"Houston, TX",68,194
3440,0.248382568359375,2010,3,"Huntsville, AL",,206
3480,0.194295883178711,2010,8,"Indianapolis, IN",61,180
3500,-0.056732177734375,2010,2,"Iowa City, IA",,76
3520,0.202194213867188,2010,7,"Jackson, MI",,183
3560,-0.0527191162109375,2010,7,"Jackson, MS",,78
3580,0.27081298828125,2010,2,"Jackson, TN",,220
3590,0.128829956054688,2010,8,"Jacksonville, FL",51,156
3600,0.274627685546875,2010,4,"Jacksonville, NC",,222
3610,0.8638916015625,2010,3,"Jamestown-Dunkirk, NY",,281
3620,-0.479949951171875,2010,4,"Janesville-Beloit, WI",,9
3660,-0.253646850585938,2010,4,"Johnson-Kinsport-Bristol, TN/VA",,30
3680,0.093017578125,2010,8,"Johnstown, PA",42,136
3710,0.0204391479492188,2010,4,"Joplin, MO",,103
3720,0.113796234130859,2010,7,"Kalamazoo, MI",,147
3740,0.708938598632813,2010,3,"Kankakee, IL",,276
3760,0.0858612060546875,2010,8,"Kansas City, MO/KS",39,131
3800,-0.159879207611084,2010,6,"Kenosha, WI",,39
3810,0.270645141601563,2010,4,"Kileen-Temple, TX",,219
3840,0.112186431884766,2010,8,"Knoxville, TN",46,146
3850,0.2696533203125,2010,3,"Kokomo, IN",,218
3870,-0.29229736328125,2010,2,"La Crosse, WI",,23
3880,0.38250732421875,2010,4,"Lafayette, LA",,246
3920,0.0952377319335938,2010,4,"Lafayette, IN",,138
3960,0.055999755859375,2010,4,"Lake Charles, LA",,119
3980,-0.071258544921875,2010,4,"Lakeland-Winter Haven, FL",,68
4000,0.282763004302979,2010,8,"Lancaster, PA",79,224
4040,0.0661544799804688,2010,8,"Lansing-East Lansing, MI",36,124
4080,-0.0576019287109375,2010,3,"Laredo, TX",,73
4100,0.0069427490234375,2010,3,"Las Cruces, NM",,100
4120,-0.0163421630859375,2010,6,"Las Vegas, NV",,93
4280,0.0747518539428711,2010,5,"Lexington-Fayette, KY",,128
4320,0.28021240234375,2010,5,"Lima, OH",,223
4360,0.0881500244140625,2010,7,"Lincoln, NE",,133
4400,0.21905517578125,2010,8,"Little Rock-North Little Rock, AR",67,190
4420,0.0545463562011719,2010,4,"Longview-Marshall, TX",,118
4480,0.106887817382813,2010,8,"Los Angeles-Long Beach, CA",45,143
450,0.540248155593872,2010,4,"Anniston, AL",,270
4520,-0.0587113189697266,2010,7,"Louisville, KY/IN",,88
4600,-0.14239501953125,2010,6,"Lubbock, TX",,46
4640,0.4012451171875,2010,4,"Lynchburg, VA",,249
4680,-0.156219482421875,2010,6,"Macon, GA",,42
4720,0.0248489379882813,2010,8,"Madison, WI",28,104
4760,-0.091094970703125,2010,7,"Manchester, NH",,64
4800,-0.143806457519531,2010,4,"Mansfield, OH",,45
4880,0.0715484619140625,2010,4,"McAllen-Edinburg-Mission, TX",,127
4890,0.09771728515625,2010,4,"Medford-Ashland, OR",,140
4900,-0.110000610351563,2010,4,"Melbourn-Titusville, FL",,60
4920,0.13671875,2010,7,"Memphis, TN/AR/MS",,161
4940,-0.265625,2010,3,"Merced, CA",,27
5000,-0.16326904296875,2010,8,"Miami, FL",6,36
5080,0.233772277832031,2010,8,"Milwaukee-Waukesha, WI",70,196
5120,0.147134780883789,2010,8,"Minneapolis-St. Paul, MN",55,166
5160,0.0648574829101563,2010,8,"Mobile, AL",35,123
5170,0.256690979003906,2010,4,"Modesto, CA",,213
5190,0.366825103759766,2010,3,"Monmouth-Ocean, NJ",,244
5200,-0.559844970703125,2010,5,"Monroe, LA",,8
5240,0.184714555740356,2010,7,"Montgomery, AL",,178
5280,0.141921997070313,2010,6,"Muncie, IN",,163
5330,-0.462860107421875,2010,2,"Myrtle Beach, SC",,10
5340,0.475067138671875,2010,2,"Naples, FL",,259
5350,0.750778198242188,2010,3,"Nashua, NH",,279
5360,0.0313491821289063,2010,8,"Nashville, TN",30,109
5400,-1.33177185058594,2010,5,"New Bedford, MA",,1
5480,0.070037841796875,2010,8,"New Haven-Meriden, CT",37,125
5560,0.288314819335938,2010,8,"New Orleans, LA",80,226
5600,0.241287231445313,2010,8,"New York, NY",72,201
5660,-0.16290283203125,2010,3,"Newburgh, NY",,37
5720,0.0957450866699219,2010,8,"Norfolk-Virginia Beach-Newport News, VA",43,139
5790,0.027069091796875,2010,4,"Ocala, FL",,106
5800,0.300201416015625,2010,5,"Odessa, TX",,230
5880,0.128021240234375,2010,8,"Oklahoma City, OK",50,155
5910,0.49542236328125,2010,4,"Olympia, WA",,266
5920,-0.389305114746094,2010,7,"Omaha, NE/IA",,15
5960,-0.0343079566955566,2010,7,"Orlando, FL",,84
600,0.0507354736328125,2010,7,"Augusta-Aiken, GA/SC",,116
6010,-0.15087890625,2010,2,"Panama City, FL",,44
6080,0.071533203125,2010,5,"Pensacola, FL",,126
6120,0.246849060058594,2010,8,"Peoria, IL",75,205
6160,0.209726333618164,2010,8,"Philadelphia, PA/NJ",66,186
6200,0.0608558654785156,2010,8,"Phoenix-Mesa, AZ",33,121
6280,0.151687622070313,2010,8,"Pittsburgh, PA",57,168
6400,0.4822998046875,2010,6,"Portland, ME",,261
6440,-0.0581524658203125,2010,8,"Portland-Vancouver, OR/WA",24,89
6480,-0.011016845703125,2010,8,"Providence, RI",26,94
6520,0.107940673828125,2010,5,"Provo-Orem, UT",,144
6560,-0.433523178100586,2010,7,"Pueblo, CO",,12
6580,0.0157623291015625,2010,2,"Punta Gorda, FL",,102
6600,-0.294586181640625,2010,7,"Racine, WI",,22
6640,-0.074676513671875,2010,7,"Raleigh-Durham, NC",,67
6680,0.118057250976563,2010,8,"Reading, PA",47,148
6690,0.487716674804688,2010,4,"Redding, CA",,263
6720,0.1788330078125,2010,5,"Reno, NV",,174
6740,0.133529663085938,2010,4,"Richland-Kennewick-Pasco, WA",,159
6760,0.182777404785156,2010,8,"Richmond-Petersburg, VA",60,175
6780,0.109260559082031,2010,7,"Riverside-San Bernadino, CA",,145
6800,-0.276321411132813,2010,7,"Roanoke, VA",,26
6820,0.39410400390625,2010,3,"Rochester, MN",,247
6840,0.0885086059570313,2010,8,"Rochester, NY",40,134
6880,-0.0985870361328125,2010,8,"Rockford, IL",14,62
6890,-0.6123046875,2010,2,6890,,5
6920,0.120689392089844,2010,8,"Sacramento, CA",49,153
6960,0.01458740234375,2010,7,"Saginaw-Bay City-Midland, MI",,101
6980,0.05670166015625,2010,4,"St. Cloud, MN",,120
7000,0.49212646484375,2010,4,"St. Joseph, MO",,265
7040,0.231586456298828,2010,8,"St. Louis, MO/IL",69,195
7080,0.04571533203125,2010,4,"Salem, OR",,115
7120,0.300571441650391,2010,5,"Salinas-Sea Side-Monterey, CA",,231
7160,0.2381591796875,2010,8,"Salt Lake City-Ogden, UT",71,198
7240,0.148178100585938,2010,8,"San Antonio, TX",56,167
7320,0.250423431396484,2010,8,"San Diego, CA",77,210
7360,0.293403625488281,2010,8,"San Francisco, CA",82,229
7400,0.303543090820313,2010,8,"San Jose, CA",83,232
7460,-0.161102294921875,2010,2,"San Luis Obispo-Atascadero-Paso Robles, CA",,38
7470,0.217170715332031,2010,6,"Santa Barbara-San Maria-Lompac, CA",,189
7480,0.497513771057129,2010,4,"Santa Cruz, CA",,267
7490,-0.0198173522949219,2010,3,"Santa Fe, NM",,92
7500,0.187728881835938,2010,4,"Santa Rosa-Petaluma, CA",,179
7510,0.03912353515625,2010,4,Sarasota,,114
7520,0.0311126708984375,2010,7,"Savannah, GA",,108
7560,-0.177459716796875,2010,8,"Scranton-Wilkes-Barre-Hazleton, PA",5,34
7600,0.200660705566406,2010,8,"Seattle-Everett, WA",63,182
7610,-0.118507385253906,2010,4,"Sharon, PA",,56
7620,0.762374877929688,2010,4,"Sheboygan, WI",,280
7680,0.286998748779297,2010,7,"Shreveport, LA",,225
7720,0.401969909667969,2010,6,"Sioux City, IA/NE",,250
7760,-0.137009620666504,2010,5,"Sioux Falls, SD",,47
7800,0.063629150390625,2010,8,"South Bend, IN",34,122
7840,0.16668701171875,2010,8,"Spokane, WA",59,172
7880,0.660400390625,2010,6,"Springfield, IL",,275
7920,0.366485595703125,2010,6,"Springfield, MO",,242
80,-0.0593731689453125,2010,8,"Akron, OH",23,87
8000,0.139518737792969,2010,8,"Springfield-Holyoke, MA",54,162
8040,0.381134033203125,2010,4,"Stamford, CT",,245
8050,0.123321533203125,2010,4,"State College, PA",,154
8120,0.0989837646484375,2010,8,"Stockton, CA",44,141
8140,-0.5726318359375,2010,2,"Sumter, SC",,6
8160,-0.056763916015625,2010,8,"Syracuse, NY",25,91
8200,0.209129810333252,2010,8,"Tacoma, WA",65,185
8240,0.0041046142578125,2010,3,"Tallahassee, FL",,98
8280,-0.107696533203125,2010,8,"Tampa-St. Petersburg-Clearwater, FL",13,61
8320,-0.134246826171875,2010,6,"Terre Haute, IN",,49
8400,0.254867553710938,2010,7,"Toledo, OH/MI",,212
8440,-0.057313232421875,2010,6,"Topeka, KS",,90
8480,0.611736297607422,2010,8,"Trenton, NJ",89,274
8520,-0.00218963623046875,2010,6,"Tucson, AZ",,97
8560,0.311376571655273,2010,8,"Tulsa, OK",85,234
8600,0.2410888671875,2010,5,"Tuscaloosa, AL",,200
8640,0.579864501953125,2010,5,"Tyler, TX",,273
8680,0.0264720916748047,2010,8,"Utica-Rome, NY",29,105
870,0.550567626953125,2010,4,"Benton Harbor, MI",,272
8730,0.339190483093262,2010,5,"Ventura-Oxnard, CA",,239
8760,0.469161987304688,2010,4,"Vineland-Millville-Bridgetown, NJ",,258
8780,0.271652221679688,2010,4,"Visalia-Tulare-Porterville, CA",,221
8800,0.0325431823730469,2010,7,"Waco, TX",,110
8840,0.259452819824219,2010,8,"Washington DC, MD/VA/WV",78,214
8880,0.419097900390625,2010,5,"Waterbury, CT",,252
8920,0.182952880859375,2010,6,"Waterloo-Cedar Falls, IA",,176
8940,0.25213623046875,2010,4,"Wausau, WI",,211
8960,-0.0646133422851563,2010,6,"West Palm Beach-Boca Raton, FL",,70
9040,0.165473937988281,2010,8,"Wichita, KS",58,171
9080,0.539337158203125,2010,6,"Wichita Falls, TX",,269
9140,-0.158889770507813,2010,4,"Williamsport, PA",,40
9160,0.26734733581543,2010,7,"Wilmington, DE/NJ/MD",,217
9200,0.0809173583984375,2010,4,"Wilmington, NC",,130
9240,-0.122726440429688,2010,8,"Worcester, MA",10,54
9260,0.43310546875,2010,4,"Yakima, WA",,255
9270,0.717605590820313,2010,2,"Yolo, CA",,278
9280,0.119247436523438,2010,8,"York, PA",48,149
9320,-0.056915283203125,2010,8,"Youngstown-Warren, OH",19,75
9340,-0.38128662109375,2010,3,"Yuba City, CA",,16
9360,-0.0566864013671875,2010,3,"Yuma, AZ",,77
960,0.485382080078125,2010,7,"Binghamton, NY",,262
"Anderson, IN",-0.829498291015625,2010,5,"Anderson, IN",,3
"Brockton, MA",-0.03399658203125,2010,3,"Brockton, MA",,85
"Chicago, IL",-0.153549194335938,2010,8,"Chicago, IL",7,43
"Dayton-Springfield, OH",0.265090942382813,2010,7,"Dayton-Springfield, OH",,216
"Dubuque, IA",0.542572021484375,2010,4,"Dubuque, IA",,271
"Eugene-Springfield, OR",-0.127700805664063,2010,8,"Eugene-Springfield, OR",8,51
"Hamilton-Middleton, OH",0.223846435546875,2010,7,"Hamilton-Middleton, OH",,193
"Little Rock-N. Little Rock, AR",0.156957626342773,2010,5,"Little Rock-N. Little Rock, AR",,169
"Lubbock, TX",0.219203948974609,2010,5,"Lubbock, TX",,191
"Mansfield, OH",0.238679885864258,2010,5,"Mansfield, OH",,199
"Miami-Hialeah, FL",-0.8746337890625,2010,3,"Miami-Hialeah, FL",,2
"Monroe, LA",-0.0324249267578125,2010,8,"Monroe, LA",22,86
"New York, NY-Northeastern NJ",-0.17376708984375,2010,7,"New York, NY-Northeastern NJ",,35
"Odessa, TX",-0.036895751953125,2010,2,"Odessa, TX",,82
"Portland, ME",0.249336242675781,2010,8,"Portland, ME",76,208
"Roanoke, VA",0.329994201660156,2010,6,"Roanoke, VA",,238
"San Angelo, TX",0.289031982421875,2010,8,"San Angelo, TX",81,227
"San Jose, CA",0.411746978759766,2010,2,"San Jose, CA",,251
"Seattle-Everett, WA",0.131506145000458,2010,7,"Seattle-Everett, WA",,158
"Toledo, OH/MI",0.454513549804688,2010,8,"Toledo, OH/MI",86,256
"Tuscaloosa, AL",0.03070068359375,2010,4,"Tuscaloosa, AL",,107
"Waco, TX",0.0387992858886719,2010,5,"Waco, TX",,113
"Wilmington, NC",0.0871353149414063,2010,4,"Wilmington, NC",,132
